{
    "num_samples_full": 586,
    "num_samples_train": 439,
    "num_samples_test": 147,
    "train_shape": [
        439,
        56
    ],
    "random_split_shape": [
        219,
        219
    ],
    "num_trees_T0": 20,
    "num_trees_T": 20,
    "num_distances": 20,
    "average_auc": 0.6521376350921805,
    "num_pareto_trees": 5,
    "common_feature_freq": [
        [
            [
                "harddrug_life",
                25.0
            ],
            [
                "trauma_sum",
                25.0
            ]
        ],
        [
            [
                "harddrug_life",
                20.0
            ],
            [
                "prop_object_badbehave",
                15.0
            ]
        ],
        [
            [
                "prop_friends_home_harddrug",
                10.0
            ],
            [
                "sum_street_friends",
                10.0
            ]
        ]
    ],
    "selected_tree_index": 14,
    "selected_tree_distance": 0.014325,
    "selected_tree_auc": 0.7287031150667516,
    "stability_tree_depth": 7,
    "stability_tree_nodes": 35,
    "stability_accuracy_importances": [
        0.0,
        0.0,
        0.0,
        0.0,
        0.05750368565787774,
        0.09537138243697539,
        0.0,
        0.0,
        0.0,
        0.0,
        0.0,
        0.058962298946336165,
        0.0,
        0.0,
        0.0,
        0.12309885104599273,
        0.0,
        0.0,
        0.0,
        0.16400732434086832,
        0.0,
        0.0,
        0.0,
        0.10489293328974247,
        0.0,
        0.0,
        0.012340071040584004,
        0.051501358504806194,
        0.0,
        0.0,
        0.0,
        0.0,
        0.0793121863887752,
        0.0,
        0.0,
        0.0,
        0.0,
        0.08729725641326852,
        0.0,
        0.026895606174162628,
        0.10297974477899895,
        0.0,
        0.0,
        0.0,
        0.0,
        0.0016816504984805316,
        0.0,
        0.0,
        0.0,
        0.0,
        0.0,
        0.0,
        0.004494504167682277,
        0.0296611463154487,
        0.0,
        0.0
    ],
    "selected_auc_tree_index": 14,
    "selected_auc_tree_distance": 0.014325,
    "selected_auc_tree_auc": 0.7287031150667516,
    "auc_tree_depth": 7,
    "auc_tree_nodes": 35,
    "auc_max_importances": [
        0.0,
        0.0,
        0.0,
        0.0,
        0.05750368565787774,
        0.09537138243697539,
        0.0,
        0.0,
        0.0,
        0.0,
        0.0,
        0.058962298946336165,
        0.0,
        0.0,
        0.0,
        0.12309885104599273,
        0.0,
        0.0,
        0.0,
        0.16400732434086832,
        0.0,
        0.0,
        0.0,
        0.10489293328974247,
        0.0,
        0.0,
        0.012340071040584004,
        0.051501358504806194,
        0.0,
        0.0,
        0.0,
        0.0,
        0.0793121863887752,
        0.0,
        0.0,
        0.0,
        0.0,
        0.08729725641326852,
        0.0,
        0.026895606174162628,
        0.10297974477899895,
        0.0,
        0.0,
        0.0,
        0.0,
        0.0016816504984805316,
        0.0,
        0.0,
        0.0,
        0.0,
        0.0,
        0.0,
        0.004494504167682277,
        0.0296611463154487,
        0.0,
        0.0
    ],
    "selected_dist_tree_index": 9,
    "selected_dist_tree_distance": 0.0014750000000000002,
    "selected_dist_tree_auc": 0.6125238397965672,
    "dist_tree_depth": 11,
    "dist_tree_nodes": 71,
    "dist_min_importances": [
        0.048606647573039785,
        0.0,
        0.0,
        0.0,
        0.055609500694217995,
        0.1734066462070384,
        0.08503162658874813,
        0.0,
        0.02139090589268296,
        0.0,
        0.0,
        0.0,
        0.07681736249818093,
        0.0926684442449951,
        0.044930409443919815,
        0.0,
        0.0,
        0.010027052834080504,
        0.0,
        0.0,
        0.0,
        0.03394023734972361,
        0.019166625272261407,
        0.003232403557116538,
        0.0,
        0.008702624961467582,
        0.0,
        0.018325989076437073,
        0.0,
        0.0,
        0.0,
        0.006701787946032051,
        0.05649635342172744,
        0.0,
        0.0,
        0.009316927899924136,
        0.0,
        0.0,
        0.04027036098241015,
        0.0,
        0.0,
        0.0,
        0.03132944986128335,
        0.03565150982113825,
        0.02937135924495312,
        0.0,
        0.07789872954349553,
        0.0,
        0.0,
        0.0211070450851262,
        0.0,
        0.0,
        0.0,
        0.0,
        0.0,
        0.0
    ]
}