{
    "num_samples_full": 569,
    "num_samples_train": 426,
    "num_samples_test": 143,
    "train_shape": [
        426,
        30
    ],
    "random_split_shape": [
        213,
        213
    ],
    "num_trees_T0": 20,
    "num_trees_T": 20,
    "num_distances": 20,
    "average_auc": 0.9438155136268342,
    "num_pareto_trees": 7,
    "common_feature_freq": [
        [
            [
                "worst perimeter",
                45.0
            ],
            [
                "worst concave points",
                25.0
            ]
        ],
        [
            [
                "worst concave points",
                50.0
            ],
            [
                "worst area",
                25.0
            ]
        ],
        [
            [
                "area error",
                20.0
            ],
            [
                "radius error",
                20.0
            ]
        ]
    ],
    "selected_tree_index": 11,
    "selected_tree_distance": 0.050379999999999994,
    "selected_tree_auc": 0.9629979035639413,
    "stability_tree_depth": 4,
    "stability_tree_nodes": 11,
    "stability_accuracy_importances": [
        0.0,
        0.0003320328285736813,
        0.0,
        0.0,
        0.0,
        0.0,
        0.0,
        0.0,
        0.0,
        0.0,
        0.0027751173744473756,
        0.0,
        0.0,
        0.0,
        0.0,
        0.0,
        0.0,
        0.0,
        0.0,
        0.0,
        0.0,
        0.0,
        0.0,
        0.8742898923417628,
        0.0,
        0.0048751698650017035,
        0.0,
        0.11772778759021432,
        0.0,
        0.0
    ],
    "selected_auc_tree_index": 15,
    "selected_auc_tree_distance": 0.09708,
    "selected_auc_tree_auc": 0.9656184486373166,
    "auc_tree_depth": 3,
    "auc_tree_nodes": 11,
    "auc_max_importances": [
        0.0,
        0.0,
        0.0,
        0.0,
        0.0,
        0.0,
        0.0,
        0.8820026665510227,
        0.0,
        0.0,
        0.0,
        0.0,
        0.0,
        0.02503739890228895,
        0.0,
        0.0,
        0.0,
        0.0,
        0.0,
        0.0,
        0.0,
        0.014126479940470803,
        0.07883345460621759,
        0.0,
        0.0,
        0.0,
        0.0,
        0.0,
        0.0,
        0.0
    ],
    "selected_dist_tree_index": 14,
    "selected_dist_tree_distance": 0.017995000000000004,
    "selected_dist_tree_auc": 0.9531446540880504,
    "dist_tree_depth": 6,
    "dist_tree_nodes": 23,
    "dist_min_importances": [
        0.0,
        0.0,
        0.0,
        0.0,
        0.0,
        0.0,
        0.0,
        0.7885384962237478,
        0.0,
        0.0,
        0.003229400186389751,
        0.0,
        0.0,
        0.0,
        0.0,
        0.0,
        0.003362718067782389,
        0.0,
        0.0,
        0.0,
        0.013177824820554152,
        0.06585285430878861,
        0.045549202405258574,
        0.055521166652632646,
        0.0,
        0.022478827161036698,
        0.002289510173809293,
        0.0,
        0.0,
        0.0
    ]
}