{
    "num_samples_full": 586,
    "num_samples_train": 439,
    "num_samples_test": 147,
    "train_shape": [
        439,
        56
    ],
    "random_split_shape": [
        219,
        219
    ],
    "num_trees_T0": 20,
    "num_trees_T": 20,
    "num_distances": 20,
    "average_auc": 0.6296010807374444,
    "num_pareto_trees": 4,
    "common_feature_freq": [
        [
            [
                "harddrug_life",
                30.0
            ],
            [
                "trauma_sum",
                20.0
            ]
        ],
        [
            [
                "harddrug_life",
                25.0
            ],
            [
                "trauma_sum",
                15.0
            ]
        ],
        [
            [
                "trauma_sum",
                20.0
            ],
            [
                "prop_object_badbehave",
                15.0
            ]
        ]
    ],
    "selected_tree_index": 11,
    "selected_tree_distance": 0.05886,
    "selected_tree_auc": 0.7479338842975207,
    "stability_tree_depth": 4,
    "stability_tree_nodes": 13,
    "stability_accuracy_importances": [
        0.0009941645242877025,
        0.0,
        0.0,
        0.0,
        0.05959401236138913,
        0.5790694898581312,
        0.17298020022083788,
        0.0,
        0.0,
        0.0,
        0.0,
        0.0,
        0.0,
        0.0,
        0.0,
        0.0,
        0.0,
        0.0,
        0.0,
        0.0,
        0.0,
        0.0,
        0.11452809959676413,
        0.07283403343858992,
        0.0,
        0.0,
        0.0,
        0.0,
        0.0,
        0.0,
        0.0,
        0.0,
        0.0,
        0.0,
        0.0,
        0.0,
        0.0,
        0.0,
        0.0,
        0.0,
        0.0,
        0.0,
        0.0,
        0.0,
        0.0,
        0.0,
        0.0,
        0.0,
        0.0,
        0.0,
        0.0,
        0.0,
        0.0,
        0.0,
        0.0,
        0.0
    ],
    "selected_auc_tree_index": 11,
    "selected_auc_tree_distance": 0.05886,
    "selected_auc_tree_auc": 0.7479338842975207,
    "auc_tree_depth": 4,
    "auc_tree_nodes": 13,
    "auc_max_importances": [
        0.0009941645242877025,
        0.0,
        0.0,
        0.0,
        0.05959401236138913,
        0.5790694898581312,
        0.17298020022083788,
        0.0,
        0.0,
        0.0,
        0.0,
        0.0,
        0.0,
        0.0,
        0.0,
        0.0,
        0.0,
        0.0,
        0.0,
        0.0,
        0.0,
        0.0,
        0.11452809959676413,
        0.07283403343858992,
        0.0,
        0.0,
        0.0,
        0.0,
        0.0,
        0.0,
        0.0,
        0.0,
        0.0,
        0.0,
        0.0,
        0.0,
        0.0,
        0.0,
        0.0,
        0.0,
        0.0,
        0.0,
        0.0,
        0.0,
        0.0,
        0.0,
        0.0,
        0.0,
        0.0,
        0.0,
        0.0,
        0.0,
        0.0,
        0.0,
        0.0,
        0.0
    ],
    "selected_dist_tree_index": 7,
    "selected_dist_tree_distance": 0.0069500000000000004,
    "selected_dist_tree_auc": 0.6285759694850603,
    "dist_tree_depth": 8,
    "dist_tree_nodes": 39,
    "dist_min_importances": [
        0.10408042852863138,
        0.0,
        0.0077500168011482296,
        0.0,
        0.16760081580400796,
        0.0,
        0.08096139876516875,
        0.0,
        0.0,
        0.07224910311796169,
        0.0,
        0.0,
        0.0,
        0.0,
        0.0,
        0.1754271215211544,
        0.0,
        0.0,
        0.008790190073770224,
        0.0019020187753733388,
        0.05952090662647749,
        0.0,
        0.0,
        0.0,
        0.0,
        0.0,
        0.0,
        0.06256963891199825,
        0.0,
        0.0,
        0.002034379410301385,
        0.0,
        0.0,
        0.0,
        0.0,
        0.0,
        0.0,
        0.0,
        0.005943075946970648,
        0.0,
        0.0,
        0.0,
        0.0,
        0.013799711951170192,
        0.0,
        0.13114212457887447,
        0.0,
        0.0,
        0.0,
        0.0,
        0.0,
        0.030515691154521265,
        0.05626932655598575,
        0.019444051476484495,
        0.0,
        0.0
    ]
}