{
    "num_samples_full": 586,
    "num_samples_train": 439,
    "num_samples_test": 147,
    "train_shape": [
        439,
        56
    ],
    "random_split_shape": [
        219,
        219
    ],
    "num_trees_T0": 20,
    "num_trees_T": 20,
    "num_distances": 20,
    "average_auc": 0.6518038779402416,
    "num_pareto_trees": 4,
    "common_feature_freq": [
        [
            [
                "cesd_score",
                25.0
            ],
            [
                "trauma_sum",
                20.0
            ]
        ],
        [
            [
                "trauma_sum",
                15.0
            ],
            [
                "harddrug_life",
                15.0
            ]
        ],
        [
            [
                "fight",
                15.0
            ],
            [
                "LEAF_NODE",
                10.0
            ]
        ]
    ],
    "selected_tree_index": 17,
    "selected_tree_distance": 0.01953,
    "selected_tree_auc": 0.7514303877940242,
    "stability_accuracy_importances": [
        0.0833849735957015,
        0.0,
        0.0,
        0.0,
        0.20168799691378583,
        0.3058330693178397,
        0.0,
        0.0,
        0.0,
        0.0,
        0.0,
        0.0,
        0.0,
        0.0,
        0.0,
        0.0,
        0.0,
        0.035482288078941326,
        0.10770041615993009,
        0.23359053709089198,
        0.0,
        0.0,
        0.0,
        0.016942833788954517,
        0.0,
        0.0,
        0.0,
        0.0,
        0.0,
        0.0,
        0.0,
        0.0,
        0.0,
        0.0,
        0.0,
        0.0,
        0.0,
        0.0,
        0.0,
        0.0,
        0.0,
        0.0010453558170080452,
        0.0,
        0.0,
        0.014332529236946947,
        0.0,
        0.0,
        0.0,
        0.0,
        0.0,
        0.0,
        0.0,
        0.0,
        0.0,
        0.0,
        0.0
    ],
    "selected_auc_tree_index": 9,
    "selected_auc_tree_distance": 0.032575,
    "selected_auc_tree_auc": 0.7519071837253655,
    "auc_max_importances": [
        0.0820890096448089,
        0.0,
        0.0,
        0.0,
        0.23006938622663387,
        0.25871366230734444,
        0.10159859157644069,
        0.0,
        0.0,
        0.0,
        0.0,
        0.0,
        0.0,
        0.0,
        0.0,
        0.09247248917015857,
        0.0,
        0.0,
        0.0,
        0.0,
        0.0,
        0.0,
        0.0,
        0.0,
        0.0047845323249170145,
        0.0,
        0.0,
        0.0,
        0.0,
        0.0,
        0.0,
        0.08770679261453147,
        0.0,
        0.0,
        0.0,
        0.0,
        0.0,
        0.0,
        0.0,
        0.0,
        0.02561246635097971,
        0.0,
        0.0,
        0.0,
        0.0,
        0.0,
        0.0,
        0.0,
        0.0,
        0.0,
        0.0,
        0.0,
        0.0,
        0.0,
        0.11695306978418533,
        0.0
    ],
    "selected_dist_tree_index": 0,
    "selected_dist_tree_distance": 0.005369999999999999,
    "selected_dist_tree_auc": 0.6649713922441196,
    "dist_min_importances": [
        0.04826064006267105,
        0.0,
        0.0,
        0.0,
        0.007483475972938256,
        0.08327603017490298,
        0.03776172095618111,
        0.006644989976190858,
        0.0,
        0.0,
        0.0,
        0.0,
        0.0,
        0.0,
        0.0,
        0.0,
        0.0680740715590022,
        0.0,
        0.08124752172348629,
        0.0,
        0.0,
        0.0,
        0.03198021640240452,
        0.0,
        0.06970183391461537,
        0.0,
        0.011762184473091393,
        0.0,
        0.0,
        0.0,
        0.0,
        0.06222586445123631,
        0.01109539397008163,
        0.0,
        0.0,
        0.0,
        0.0,
        0.0,
        0.04245914159815367,
        0.09835489533975281,
        0.037555245437484217,
        0.009454063501134645,
        0.0,
        0.09521768382978708,
        0.0757921172946395,
        0.0,
        0.0,
        0.0,
        0.0,
        0.0,
        0.0,
        0.04419002515400737,
        0.03692778846203097,
        0.0,
        0.0,
        0.04053509574620784
    ]
}