{
    "num_samples_full": 586,
    "num_samples_train": 439,
    "num_samples_test": 147,
    "train_shape": [
        439,
        56
    ],
    "random_split_shape": [
        219,
        219
    ],
    "num_trees_T0": 20,
    "num_trees_T": 20,
    "num_distances": 20,
    "average_auc": 0.6090511760966307,
    "num_pareto_trees": 3,
    "common_feature_freq": [
        [
            [
                6,
                30.0
            ],
            [
                4,
                20.0
            ]
        ],
        [
            [
                6,
                30.0
            ],
            [
                4,
                15.0
            ]
        ],
        [
            [
                44,
                20.0
            ],
            [
                6,
                10.0
            ]
        ]
    ],
    "selected_tree_index": 2,
    "selected_tree_distance": 0.024130000000000002,
    "selected_tree_auc": 0.7066115702479339,
    "std_gini_importance": 0.03260357970648476
}