{
    "num_samples_full": 569,
    "num_samples_train": 426,
    "num_samples_test": 143,
    "train_shape": [
        426,
        30
    ],
    "random_split_shape": [
        213,
        213
    ],
    "num_trees_T0": 20,
    "num_trees_T": 20,
    "num_distances": 20,
    "average_auc": 0.9587106918238995,
    "num_pareto_trees": 3,
    "common_feature_freq": [
        [
            [
                "worst perimeter",
                60.0
            ],
            [
                "worst area",
                20.0
            ]
        ],
        [
            [
                "worst concave points",
                35.0
            ],
            [
                "worst compactness",
                10.0
            ]
        ],
        [
            [
                "mean texture",
                20.0
            ],
            [
                "perimeter error",
                20.0
            ]
        ]
    ],
    "selected_tree_index": 2,
    "selected_tree_distance": 0.08195499999999999,
    "selected_tree_auc": 0.9855345911949687,
    "stability_tree_depth": 3,
    "stability_tree_nodes": 9,
    "stability_accuracy_importances": [
        0.0,
        0.0,
        0.0,
        0.0,
        0.0,
        0.0,
        0.0,
        0.0,
        0.0,
        0.0,
        0.0,
        0.0,
        0.0,
        0.0,
        0.0,
        0.0,
        0.0,
        0.0,
        0.0005059429513005849,
        0.0,
        0.0,
        0.0,
        0.09190889167843527,
        0.0,
        0.0,
        0.0,
        0.0,
        0.9075851653702641,
        0.0,
        0.0
    ],
    "selected_auc_tree_index": 2,
    "selected_auc_tree_distance": 0.08195499999999999,
    "selected_auc_tree_auc": 0.9855345911949687,
    "auc_tree_depth": 3,
    "auc_tree_nodes": 9,
    "auc_max_importances": [
        0.0,
        0.0,
        0.0,
        0.0,
        0.0,
        0.0,
        0.0,
        0.0,
        0.0,
        0.0,
        0.0,
        0.0,
        0.0,
        0.0,
        0.0,
        0.0,
        0.0,
        0.0,
        0.0005059429513005849,
        0.0,
        0.0,
        0.0,
        0.09190889167843527,
        0.0,
        0.0,
        0.0,
        0.0,
        0.9075851653702641,
        0.0,
        0.0
    ],
    "selected_dist_tree_index": 16,
    "selected_dist_tree_distance": 0.007825000000000002,
    "selected_dist_tree_auc": 0.9619496855345913,
    "dist_tree_depth": 7,
    "dist_tree_nodes": 21,
    "dist_min_importances": [
        0.0,
        0.0,
        0.0,
        0.0,
        0.0,
        0.0,
        0.0,
        0.023975523068212053,
        0.0,
        0.0,
        0.0,
        0.0025428585072346122,
        0.00967599759457098,
        0.0,
        0.0,
        0.0,
        0.0033167719659581724,
        0.0,
        0.0,
        0.0,
        0.0,
        0.04627570199676913,
        0.03475123360338947,
        0.7551469873260208,
        0.0032643946456067676,
        0.0,
        0.0,
        0.1210505312922379,
        0.0,
        0.0
    ]
}