{
    "num_samples_full": 586,
    "num_samples_train": 439,
    "num_samples_test": 147,
    "train_shape": [
        439,
        56
    ],
    "random_split_shape": [
        219,
        219
    ],
    "num_trees_T0": 20,
    "num_trees_T": 20,
    "num_distances": 20,
    "average_auc": 0.6177924348378893,
    "num_pareto_trees": 6,
    "common_feature_freq": [
        [
            [
                6,
                55.00000000000001
            ],
            [
                5,
                15.0
            ]
        ],
        [
            [
                6,
                20.0
            ],
            [
                5,
                20.0
            ]
        ],
        [
            [
                39,
                10.0
            ],
            [
                52,
                10.0
            ]
        ]
    ],
    "selected_tree_index": 13,
    "selected_tree_distance": 0.07565,
    "selected_tree_auc": 0.7005721551176096,
    "std_gini_importance": 0.05836427710593382
}