{
    "num_samples_full": 586,
    "num_samples_train": 439,
    "num_samples_test": 147,
    "train_shape": [
        439,
        56
    ],
    "random_split_shape": [
        219,
        219
    ],
    "num_trees_T0": 20,
    "num_trees_T": 20,
    "num_distances": 20,
    "average_auc": 0.6596312778130962,
    "num_pareto_trees": 5,
    "common_feature_freq": [
        [
            [
                "harddrug_life",
                25.0
            ],
            [
                "prop_friends_street_emosup",
                20.0
            ]
        ],
        [
            [
                "trauma_sum",
                20.0
            ],
            [
                "harddrug_life",
                15.0
            ]
        ],
        [
            [
                "harddrug_life",
                15.0
            ],
            [
                "LEAF_NODE",
                15.0
            ]
        ]
    ],
    "selected_tree_index": 16,
    "selected_tree_distance": 0.088955,
    "selected_tree_auc": 0.7566751430387795,
    "stability_accuracy_importances": [
        0.0,
        0.0,
        0.0,
        0.0,
        0.060482736315776324,
        0.0,
        0.0,
        0.0,
        0.0,
        0.0,
        0.0,
        0.4592816740424722,
        0.3417205761324343,
        0.0,
        0.0,
        0.0,
        0.0,
        0.0,
        0.0,
        0.0,
        0.0,
        0.0,
        0.0,
        0.0041814003556800055,
        0.0,
        0.0,
        0.0,
        0.0,
        0.0,
        0.0,
        0.0,
        0.0,
        0.0,
        0.0,
        0.0,
        0.0,
        0.0,
        0.0,
        0.0,
        0.0,
        0.0,
        0.0,
        0.0,
        0.0,
        0.0,
        0.0788307001328256,
        0.0,
        0.0,
        0.0,
        0.0,
        0.0,
        0.0,
        0.0,
        0.05550291302081164,
        0.0,
        0.0
    ],
    "selected_auc_tree_index": 16,
    "selected_auc_tree_distance": 0.088955,
    "selected_auc_tree_auc": 0.7566751430387795,
    "auc_max_importances": [
        0.0,
        0.0,
        0.0,
        0.0,
        0.060482736315776324,
        0.0,
        0.0,
        0.0,
        0.0,
        0.0,
        0.0,
        0.4592816740424722,
        0.3417205761324343,
        0.0,
        0.0,
        0.0,
        0.0,
        0.0,
        0.0,
        0.0,
        0.0,
        0.0,
        0.0,
        0.0041814003556800055,
        0.0,
        0.0,
        0.0,
        0.0,
        0.0,
        0.0,
        0.0,
        0.0,
        0.0,
        0.0,
        0.0,
        0.0,
        0.0,
        0.0,
        0.0,
        0.0,
        0.0,
        0.0,
        0.0,
        0.0,
        0.0,
        0.0788307001328256,
        0.0,
        0.0,
        0.0,
        0.0,
        0.0,
        0.0,
        0.0,
        0.05550291302081164,
        0.0,
        0.0
    ],
    "selected_dist_tree_index": 0,
    "selected_dist_tree_distance": 0.0027700000000000003,
    "selected_dist_tree_auc": 0.6279402415766052,
    "dist_min_importances": [
        0.0,
        0.0,
        0.0,
        0.0,
        0.013011091536963606,
        0.025938799603220812,
        0.10424520431425284,
        0.0,
        0.0,
        0.0,
        0.0,
        0.0,
        0.0,
        0.011766675791600524,
        0.07270960975498793,
        0.0,
        0.0548898819818707,
        0.0,
        0.0,
        0.0,
        0.05634980603458314,
        0.0,
        0.03865918870127382,
        0.03360543988003485,
        0.0,
        0.0,
        0.07033451765663645,
        0.0,
        0.018971154198009575,
        0.00447220682814152,
        0.0,
        0.023159806319975634,
        0.0,
        0.0,
        0.0,
        0.039563497208906326,
        0.0,
        0.0,
        0.0,
        0.040249861453273666,
        0.0,
        0.006329892741369547,
        0.0,
        0.07984317053495531,
        0.1603445986435214,
        0.030530265280112774,
        0.018696709836359366,
        0.0,
        0.0,
        0.0,
        0.0,
        0.0,
        0.0,
        0.0,
        0.05886528911651855,
        0.037463332583431645
    ]
}