{
    "num_samples_full": 587,
    "num_samples_train": 440,
    "num_samples_test": 147,
    "train_shape": [
        440,
        56
    ],
    "random_split_shape": [
        220,
        220
    ],
    "num_trees_T0": 20,
    "num_trees_T": 20,
    "num_distances": 20,
    "average_auc": 0.5467647058823528,
    "num_pareto_trees": 5,
    "common_feature_freq": [
        [
            [
                "fighthurt",
                50.0
            ],
            [
                "trauma_sum",
                20.0
            ]
        ],
        [
            [
                "prop_friends_street_emosup",
                25.0
            ],
            [
                "homelage",
                20.0
            ]
        ],
        [
            [
                "LEAF_NODE",
                25.0
            ],
            [
                "homelage",
                15.0
            ]
        ]
    ],
    "selected_tree_index": 4,
    "selected_tree_distance": 0.053239999999999996,
    "selected_tree_auc": 0.6884615384615386,
    "stability_tree_depth": 5,
    "stability_tree_nodes": 27,
    "stability_accuracy_importances": [
        0.0,
        0.0,
        0.0,
        0.0,
        0.11749372334699375,
        0.00399649580066444,
        0.0,
        0.0,
        0.0,
        0.0,
        0.0,
        0.0,
        0.0,
        0.0,
        0.006625731250291859,
        0.07913467885786879,
        0.26992211739653843,
        0.0,
        0.0,
        0.0,
        0.0,
        0.0,
        0.0650291260319866,
        0.0,
        0.028987574220026853,
        0.0,
        0.0,
        0.10523220221051764,
        0.0,
        0.0,
        0.0,
        0.0,
        0.0,
        0.0,
        0.0,
        0.0,
        0.0,
        0.0,
        0.0,
        0.17530580599730522,
        0.0,
        0.0,
        0.0,
        0.0,
        0.0,
        0.0,
        0.0,
        0.0,
        0.0,
        0.0,
        0.0,
        0.0,
        0.0,
        0.1064014489017456,
        0.0,
        0.04187109598606094
    ],
    "selected_auc_tree_index": 4,
    "selected_auc_tree_distance": 0.053239999999999996,
    "selected_auc_tree_auc": 0.6884615384615386,
    "auc_tree_depth": 5,
    "auc_tree_nodes": 27,
    "auc_max_importances": [
        0.0,
        0.0,
        0.0,
        0.0,
        0.11749372334699375,
        0.00399649580066444,
        0.0,
        0.0,
        0.0,
        0.0,
        0.0,
        0.0,
        0.0,
        0.0,
        0.006625731250291859,
        0.07913467885786879,
        0.26992211739653843,
        0.0,
        0.0,
        0.0,
        0.0,
        0.0,
        0.0650291260319866,
        0.0,
        0.028987574220026853,
        0.0,
        0.0,
        0.10523220221051764,
        0.0,
        0.0,
        0.0,
        0.0,
        0.0,
        0.0,
        0.0,
        0.0,
        0.0,
        0.0,
        0.0,
        0.17530580599730522,
        0.0,
        0.0,
        0.0,
        0.0,
        0.0,
        0.0,
        0.0,
        0.0,
        0.0,
        0.0,
        0.0,
        0.0,
        0.0,
        0.1064014489017456,
        0.0,
        0.04187109598606094
    ],
    "selected_dist_tree_index": 18,
    "selected_dist_tree_distance": 0.0026149999999999997,
    "selected_dist_tree_auc": 0.5690045248868779,
    "dist_tree_depth": 9,
    "dist_tree_nodes": 27,
    "dist_min_importances": [
        0.0,
        0.0,
        0.0,
        0.0,
        0.0,
        0.0,
        0.04292626315640643,
        0.0,
        0.0,
        0.0,
        0.0,
        0.0,
        0.0,
        0.03514968067619249,
        0.0,
        0.021540421472503467,
        0.53631503997722,
        0.0,
        0.0,
        0.0,
        0.0,
        0.0,
        0.19488008334119666,
        0.0,
        0.0,
        0.0,
        0.0,
        0.0,
        0.0,
        0.0,
        0.0,
        0.0,
        0.00226350620789102,
        0.0,
        0.0,
        0.0,
        0.0,
        0.0,
        0.0014652160720722805,
        0.0,
        0.009772598230894521,
        0.0,
        0.0,
        0.0,
        0.07410535986079977,
        0.01746133360373062,
        0.0,
        0.0,
        0.0,
        0.014085097016133745,
        0.0,
        0.0,
        0.0,
        0.0,
        0.0,
        0.05003540038495906
    ]
}