{
    "num_samples_full": 586,
    "num_samples_train": 726,
    "num_samples_test": 242,
    "train_shape": [
        726,
        56
    ],
    "random_split_shape": [
        363,
        363
    ],
    "num_trees_T0": 20,
    "num_trees_T": 20,
    "num_distances": 20,
    "average_auc": 0.8230892698586162,
    "num_pareto_trees": 1,
    "common_feature_freq": [
        [
            [
                "trauma_sum",
                85.0
            ],
            [
                "fight",
                10.0
            ]
        ],
        [
            [
                "harddrug_life",
                40.0
            ],
            [
                "exchange",
                30.0
            ]
        ],
        [
            [
                "exchange",
                15.0
            ],
            [
                "prop_object_badbehave",
                15.0
            ]
        ]
    ],
    "selected_tree_index": 15,
    "selected_tree_distance": 0.0035649999999999996,
    "selected_tree_auc": 0.852776449696059,
    "stability_tree_depth": 9,
    "stability_tree_nodes": 53,
    "stability_accuracy_importances": [
        0.0,
        0.0,
        0.0,
        0.04005651126748729,
        0.38390256126335354,
        0.0646780012255542,
        0.09034023898836663,
        0.0,
        0.0,
        0.0,
        0.0,
        0.0,
        0.04604997429321321,
        0.0,
        0.10418369750529116,
        0.0024684166239776774,
        0.0,
        0.0,
        0.0,
        0.00699399403083112,
        0.00796373385787401,
        0.0,
        0.018297303533825346,
        0.02376440791594283,
        0.0,
        0.0,
        0.02068051683254372,
        0.0,
        0.0019307836744921205,
        0.0,
        0.0,
        0.0,
        0.05192978884447958,
        0.0,
        0.0006292274895067587,
        0.0,
        0.0,
        0.0,
        0.0,
        0.000505619938838567,
        0.0361704318161639,
        0.0,
        0.05902899985372199,
        0.00305987238848861,
        0.0,
        0.0,
        0.0,
        0.0,
        0.0,
        0.0,
        0.0,
        0.0,
        0.03671911636254599,
        0.0,
        0.0006468022935016584,
        0.0
    ],
    "selected_auc_tree_index": 15,
    "selected_auc_tree_distance": 0.0035649999999999996,
    "selected_auc_tree_auc": 0.852776449696059,
    "auc_tree_depth": 9,
    "auc_tree_nodes": 53,
    "auc_max_importances": [
        0.0,
        0.0,
        0.0,
        0.04005651126748729,
        0.38390256126335354,
        0.0646780012255542,
        0.09034023898836663,
        0.0,
        0.0,
        0.0,
        0.0,
        0.0,
        0.04604997429321321,
        0.0,
        0.10418369750529116,
        0.0024684166239776774,
        0.0,
        0.0,
        0.0,
        0.00699399403083112,
        0.00796373385787401,
        0.0,
        0.018297303533825346,
        0.02376440791594283,
        0.0,
        0.0,
        0.02068051683254372,
        0.0,
        0.0019307836744921205,
        0.0,
        0.0,
        0.0,
        0.05192978884447958,
        0.0,
        0.0006292274895067587,
        0.0,
        0.0,
        0.0,
        0.0,
        0.000505619938838567,
        0.0361704318161639,
        0.0,
        0.05902899985372199,
        0.00305987238848861,
        0.0,
        0.0,
        0.0,
        0.0,
        0.0,
        0.0,
        0.0,
        0.0,
        0.03671911636254599,
        0.0,
        0.0006468022935016584,
        0.0
    ],
    "selected_dist_tree_index": 15,
    "selected_dist_tree_distance": 0.0035649999999999996,
    "selected_dist_tree_auc": 0.852776449696059,
    "dist_tree_depth": 9,
    "dist_tree_nodes": 53,
    "dist_min_importances": [
        0.0,
        0.0,
        0.0,
        0.04005651126748729,
        0.38390256126335354,
        0.0646780012255542,
        0.09034023898836663,
        0.0,
        0.0,
        0.0,
        0.0,
        0.0,
        0.04604997429321321,
        0.0,
        0.10418369750529116,
        0.0024684166239776774,
        0.0,
        0.0,
        0.0,
        0.00699399403083112,
        0.00796373385787401,
        0.0,
        0.018297303533825346,
        0.02376440791594283,
        0.0,
        0.0,
        0.02068051683254372,
        0.0,
        0.0019307836744921205,
        0.0,
        0.0,
        0.0,
        0.05192978884447958,
        0.0,
        0.0006292274895067587,
        0.0,
        0.0,
        0.0,
        0.0,
        0.000505619938838567,
        0.0361704318161639,
        0.0,
        0.05902899985372199,
        0.00305987238848861,
        0.0,
        0.0,
        0.0,
        0.0,
        0.0,
        0.0,
        0.0,
        0.0,
        0.03671911636254599,
        0.0,
        0.0006468022935016584,
        0.0
    ]
}