{
    "num_samples_full": 586,
    "num_samples_train": 439,
    "num_samples_test": 147,
    "train_shape": [
        439,
        56
    ],
    "random_split_shape": [
        219,
        219
    ],
    "num_trees_T0": 20,
    "num_trees_T": 20,
    "num_distances": 20,
    "average_auc": 0.6772965670692943,
    "num_pareto_trees": 3,
    "common_feature_freq": [
        [
            [
                "harddrug_life",
                40.0
            ],
            [
                "cesd_score",
                20.0
            ]
        ],
        [
            [
                "trauma_sum",
                25.0
            ],
            [
                "harddrug_life",
                25.0
            ]
        ],
        [
            [
                "harddrug_life",
                20.0
            ],
            [
                "trauma_sum",
                15.0
            ]
        ]
    ],
    "selected_tree_index": 2,
    "selected_tree_distance": 0.017235,
    "selected_tree_auc": 0.7949777495232041,
    "stability_accuracy_importances": [
        0.0,
        0.0,
        0.0,
        0.0,
        0.0,
        0.0,
        0.06335210088375672,
        0.0,
        0.0,
        0.0,
        0.0,
        0.0,
        0.0,
        0.0,
        0.0,
        0.2701805233869551,
        0.0,
        0.0,
        0.0,
        0.0,
        0.0,
        0.0,
        0.0,
        0.0,
        0.0,
        0.0,
        0.0,
        0.00206448566915365,
        0.0,
        0.0,
        0.0,
        0.0,
        0.0,
        0.0,
        0.0,
        0.1929398956490379,
        0.0,
        0.0,
        0.0,
        0.0,
        0.0,
        0.0,
        0.0,
        0.0,
        0.36435366808857234,
        0.008776019099273133,
        0.0,
        0.0,
        0.0,
        0.0,
        0.0,
        0.0,
        0.0,
        0.0,
        0.06511325446129705,
        0.03322005276195408
    ],
    "selected_auc_tree_index": 2,
    "selected_auc_tree_distance": 0.017235,
    "selected_auc_tree_auc": 0.7949777495232041,
    "auc_max_importances": [
        0.0,
        0.0,
        0.0,
        0.0,
        0.0,
        0.0,
        0.06335210088375672,
        0.0,
        0.0,
        0.0,
        0.0,
        0.0,
        0.0,
        0.0,
        0.0,
        0.2701805233869551,
        0.0,
        0.0,
        0.0,
        0.0,
        0.0,
        0.0,
        0.0,
        0.0,
        0.0,
        0.0,
        0.0,
        0.00206448566915365,
        0.0,
        0.0,
        0.0,
        0.0,
        0.0,
        0.0,
        0.0,
        0.1929398956490379,
        0.0,
        0.0,
        0.0,
        0.0,
        0.0,
        0.0,
        0.0,
        0.0,
        0.36435366808857234,
        0.008776019099273133,
        0.0,
        0.0,
        0.0,
        0.0,
        0.0,
        0.0,
        0.0,
        0.0,
        0.06511325446129705,
        0.03322005276195408
    ],
    "selected_dist_tree_index": 18,
    "selected_dist_tree_distance": 0.013024999999999998,
    "selected_dist_tree_auc": 0.5042911633820725,
    "dist_min_importances": [
        0.07927429377115544,
        0.0,
        0.006634398766682114,
        0.0,
        0.027508858011169673,
        0.0,
        0.14685863097584442,
        0.0,
        0.0,
        0.0,
        0.0,
        0.0,
        0.0,
        0.0,
        0.0,
        0.0,
        0.032831323394601625,
        0.0,
        0.0,
        0.0,
        0.005785380771791785,
        0.0,
        0.020282040218523957,
        0.05480848044028438,
        0.0,
        0.0,
        0.0,
        0.0,
        0.0,
        0.0,
        0.004425412403802871,
        0.11431320765545638,
        0.004590054166049677,
        0.0,
        0.0,
        0.03245824017420842,
        0.0,
        0.0,
        0.0,
        0.0,
        0.04676853267266638,
        0.04787590425695741,
        0.0,
        0.0,
        0.0,
        0.06299029690373528,
        0.0,
        0.07934495572598442,
        0.055080649992596105,
        0.0,
        0.07314709531250028,
        0.0,
        0.005259437065265257,
        0.03550120019054046,
        0.06426160713018356,
        0.0
    ]
}