{
    "num_samples_full": 586,
    "num_samples_train": 439,
    "num_samples_test": 147,
    "train_shape": [
        439,
        56
    ],
    "random_split_shape": [
        219,
        219
    ],
    "num_trees_T0": 20,
    "num_trees_T": 20,
    "num_distances": 20,
    "average_auc": 0.5964399237126511,
    "num_pareto_trees": 7,
    "common_feature_freq": [
        [
            [
                6,
                35.0
            ],
            [
                44,
                15.0
            ]
        ],
        [
            [
                6,
                35.0
            ],
            [
                5,
                15.0
            ]
        ],
        [
            [
                44,
                15.0
            ],
            [
                6,
                10.0
            ]
        ]
    ],
    "selected_tree_index": 1,
    "selected_tree_distance": 0.028599999999999997,
    "selected_tree_auc": 0.7118563254926891,
    "std_gini_importance": 0.06779676721931639
}