{
    "num_samples_full": 586,
    "num_samples_train": 439,
    "num_samples_test": 147,
    "train_shape": [
        439,
        56
    ],
    "random_split_shape": [
        219,
        219
    ],
    "num_trees_T0": 20,
    "num_trees_T": 20,
    "num_distances": 20,
    "average_auc": 0.662396694214876,
    "num_pareto_trees": 4,
    "common_feature_freq": [
        [
            [
                "trauma_sum",
                30.0
            ],
            [
                "harddrug_life",
                15.0
            ]
        ],
        [
            [
                "harddrug_life",
                35.0
            ],
            [
                "trauma_sum",
                15.0
            ]
        ],
        [
            [
                "trauma_sum",
                20.0
            ],
            [
                "LEAF_NODE",
                15.0
            ]
        ]
    ],
    "selected_tree_index": 18,
    "selected_tree_distance": 0.04259,
    "selected_tree_auc": 0.7836935791481247,
    "stability_tree_depth": 5,
    "stability_tree_nodes": 17,
    "stability_accuracy_importances": [
        0.0,
        0.0,
        0.022114403528418813,
        0.0,
        0.1754707897348521,
        0.0,
        0.20456048941758553,
        0.0,
        0.0,
        0.0,
        0.0,
        0.0,
        0.0,
        0.0,
        0.0,
        0.0,
        0.0,
        0.0,
        0.0,
        0.17014017718614852,
        0.0,
        0.0,
        0.0,
        0.0,
        0.0,
        0.0,
        0.0,
        0.0,
        0.0,
        0.0,
        0.0,
        0.0028074208935964596,
        0.013417463864544898,
        0.0,
        0.0,
        0.2426918839935052,
        0.0,
        0.0,
        0.0,
        0.0,
        0.0,
        0.0,
        0.16879737138134862,
        0.0,
        0.0,
        0.0,
        0.0,
        0.0,
        0.0,
        0.0,
        0.0,
        0.0,
        0.0,
        0.0,
        0.0,
        0.0
    ],
    "selected_auc_tree_index": 18,
    "selected_auc_tree_distance": 0.04259,
    "selected_auc_tree_auc": 0.7836935791481247,
    "auc_tree_depth": 5,
    "auc_tree_nodes": 17,
    "auc_max_importances": [
        0.0,
        0.0,
        0.022114403528418813,
        0.0,
        0.1754707897348521,
        0.0,
        0.20456048941758553,
        0.0,
        0.0,
        0.0,
        0.0,
        0.0,
        0.0,
        0.0,
        0.0,
        0.0,
        0.0,
        0.0,
        0.0,
        0.17014017718614852,
        0.0,
        0.0,
        0.0,
        0.0,
        0.0,
        0.0,
        0.0,
        0.0,
        0.0,
        0.0,
        0.0,
        0.0028074208935964596,
        0.013417463864544898,
        0.0,
        0.0,
        0.2426918839935052,
        0.0,
        0.0,
        0.0,
        0.0,
        0.0,
        0.0,
        0.16879737138134862,
        0.0,
        0.0,
        0.0,
        0.0,
        0.0,
        0.0,
        0.0,
        0.0,
        0.0,
        0.0,
        0.0,
        0.0,
        0.0
    ],
    "selected_dist_tree_index": 3,
    "selected_dist_tree_distance": 0.018155000000000004,
    "selected_dist_tree_auc": 0.6034647171010807,
    "dist_tree_depth": 7,
    "dist_tree_nodes": 43,
    "dist_min_importances": [
        0.01733256941919429,
        0.0,
        0.0,
        0.0,
        0.12168887773154666,
        0.033949680931564634,
        0.054549378556896136,
        0.0,
        0.0,
        0.0,
        0.0,
        0.0,
        0.0,
        0.0,
        0.0,
        0.0,
        0.0,
        0.0,
        0.0,
        0.0,
        0.0,
        0.0,
        0.1486474799297831,
        0.04341985508615897,
        0.0,
        0.0,
        0.0,
        0.041436173328197504,
        0.0,
        0.0,
        0.0,
        0.0,
        0.019561447551359707,
        0.0,
        0.006248185958681628,
        0.0,
        0.14066847796876178,
        0.0,
        0.002970597081511912,
        0.02080786895805574,
        0.15997780725533486,
        0.10454370776342921,
        0.0,
        0.0,
        0.0,
        0.002777701167128021,
        0.0,
        0.0,
        0.0,
        0.0,
        0.004073961711787753,
        0.0,
        0.0,
        0.0,
        0.013579872372625862,
        0.06376635722798227
    ]
}