{
    "num_samples_full": 586,
    "num_samples_train": 439,
    "num_samples_test": 147,
    "train_shape": [
        439,
        56
    ],
    "random_split_shape": [
        219,
        219
    ],
    "num_trees_T0": 20,
    "num_trees_T": 20,
    "num_distances": 20,
    "average_auc": 0.6808010171646536,
    "num_pareto_trees": 3,
    "common_feature_freq": [
        [
            [
                "trauma_sum",
                35.0
            ],
            [
                "cesd_score",
                30.0
            ]
        ],
        [
            [
                "harddrug_life",
                35.0
            ],
            [
                "homelage",
                10.0
            ]
        ],
        [
            [
                "prop_friends_street_emosup",
                10.0
            ],
            [
                "trauma_sum",
                10.0
            ]
        ]
    ],
    "selected_tree_index": 11,
    "selected_tree_distance": 0.013825,
    "selected_tree_auc": 0.7517482517482519,
    "stability_tree_depth": 7,
    "stability_tree_nodes": 31,
    "stability_accuracy_importances": [
        0.07740653429284543,
        0.0,
        0.0,
        0.044546552355835586,
        0.15478789986180788,
        0.15827163889338236,
        0.039320693719966424,
        0.0,
        0.08824016988170544,
        0.0,
        0.0,
        0.0,
        0.0,
        0.0,
        0.05724316300565996,
        0.0,
        0.0,
        0.0,
        0.0,
        0.0,
        0.0,
        0.0,
        0.0,
        0.0,
        0.0,
        0.0,
        0.0,
        0.0,
        0.0,
        0.0,
        0.0,
        0.0,
        0.0,
        0.0,
        0.0,
        0.1979994708397965,
        0.0,
        0.0,
        0.0,
        0.010880366597144116,
        0.0,
        0.0,
        0.0018551025048130659,
        0.0,
        0.13401216428163454,
        0.0,
        0.0,
        0.0,
        0.0,
        0.0,
        0.03543624376540859,
        0.0,
        0.0,
        0.0,
        0.0,
        0.0
    ],
    "selected_auc_tree_index": 3,
    "selected_auc_tree_distance": 0.050055,
    "selected_auc_tree_auc": 0.756198347107438,
    "auc_tree_depth": 4,
    "auc_tree_nodes": 11,
    "auc_max_importances": [
        0.0,
        0.0,
        0.0,
        0.0,
        0.30922306373920844,
        0.0,
        0.0,
        0.0,
        0.0,
        0.0,
        0.0,
        0.0,
        0.4614920317709579,
        0.0,
        0.0,
        0.0,
        0.0,
        0.0,
        0.0,
        0.0,
        0.0,
        0.0,
        0.023213115347384856,
        0.0,
        0.0,
        0.0,
        0.0,
        0.005808078075611468,
        0.0,
        0.0,
        0.0,
        0.0,
        0.0,
        0.0,
        0.0,
        0.0,
        0.0,
        0.0,
        0.0,
        0.0,
        0.20026371106683735,
        0.0,
        0.0,
        0.0,
        0.0,
        0.0,
        0.0,
        0.0,
        0.0,
        0.0,
        0.0,
        0.0,
        0.0,
        0.0,
        0.0,
        0.0
    ],
    "selected_dist_tree_index": 2,
    "selected_dist_tree_distance": 0.0020000000000000005,
    "selected_dist_tree_auc": 0.6520979020979022,
    "dist_tree_depth": 10,
    "dist_tree_nodes": 47,
    "dist_min_importances": [
        0.0,
        0.08883328834503204,
        0.0,
        0.015979045444268782,
        0.09224118154059179,
        0.146325371555897,
        0.0026740584468612242,
        0.0,
        0.0,
        0.0,
        0.0,
        0.0,
        0.0,
        0.0,
        0.02840719190092226,
        0.03808899000501115,
        0.0,
        0.01352504359331359,
        0.0,
        0.0,
        0.0,
        0.0,
        0.08266950086085816,
        0.011625096993300494,
        0.0,
        0.0,
        0.0,
        0.08565860942431942,
        0.0,
        0.0,
        0.0,
        0.009758616099821685,
        0.0,
        0.0,
        0.0,
        0.0,
        0.015150214539798496,
        0.0,
        0.07301425499716495,
        0.0,
        0.0,
        0.039469607977723704,
        0.08046112047942319,
        0.05828924192018234,
        0.0688328111445424,
        0.04899675473096735,
        0.0,
        0.0,
        0.0,
        0.0,
        0.0,
        0.0,
        0.0,
        0.0,
        0.0,
        0.0
    ]
}