{
    "num_samples_full": 586,
    "num_samples_train": 439,
    "num_samples_test": 147,
    "train_shape": [
        439,
        56
    ],
    "random_split_shape": [
        219,
        219
    ],
    "num_trees_T0": 20,
    "num_trees_T": 20,
    "num_distances": 20,
    "average_auc": 0.6574221233312143,
    "num_pareto_trees": 4,
    "common_feature_freq": [
        [
            [
                "harddrug_life",
                45.0
            ],
            [
                "cesd_score",
                25.0
            ]
        ],
        [
            [
                "harddrug_life",
                20.0
            ],
            [
                "trauma_sum",
                20.0
            ]
        ],
        [
            [
                "trauma_sum",
                15.0
            ],
            [
                "harddrug_life",
                15.0
            ]
        ]
    ],
    "selected_tree_index": 16,
    "selected_tree_distance": 0.03549,
    "selected_tree_auc": 0.8080101716465353,
    "stability_tree_depth": 4,
    "stability_tree_nodes": 13,
    "stability_accuracy_importances": [
        0.0,
        0.0,
        0.0,
        0.0,
        0.03179717574449951,
        0.06906152553123313,
        0.4806804713952343,
        0.0,
        0.0,
        0.0,
        0.0,
        0.0,
        0.0,
        0.0,
        0.0,
        0.0,
        0.0,
        0.0,
        0.36769632336243835,
        0.0,
        0.0,
        0.0,
        0.0,
        0.0,
        0.0,
        0.0,
        0.0,
        0.0,
        0.0,
        0.0,
        0.0,
        0.0,
        0.0,
        0.0,
        0.0,
        0.0,
        0.0,
        0.0,
        0.0,
        0.0,
        0.0,
        0.0,
        0.0,
        0.0,
        0.0477114989887051,
        0.0,
        0.0,
        0.0,
        0.0,
        0.0,
        0.0,
        0.0,
        0.0030530049778897,
        0.0,
        0.0,
        0.0
    ],
    "selected_auc_tree_index": 16,
    "selected_auc_tree_distance": 0.03549,
    "selected_auc_tree_auc": 0.8080101716465353,
    "auc_tree_depth": 4,
    "auc_tree_nodes": 13,
    "auc_max_importances": [
        0.0,
        0.0,
        0.0,
        0.0,
        0.03179717574449951,
        0.06906152553123313,
        0.4806804713952343,
        0.0,
        0.0,
        0.0,
        0.0,
        0.0,
        0.0,
        0.0,
        0.0,
        0.0,
        0.0,
        0.0,
        0.36769632336243835,
        0.0,
        0.0,
        0.0,
        0.0,
        0.0,
        0.0,
        0.0,
        0.0,
        0.0,
        0.0,
        0.0,
        0.0,
        0.0,
        0.0,
        0.0,
        0.0,
        0.0,
        0.0,
        0.0,
        0.0,
        0.0,
        0.0,
        0.0,
        0.0,
        0.0,
        0.0477114989887051,
        0.0,
        0.0,
        0.0,
        0.0,
        0.0,
        0.0,
        0.0,
        0.0030530049778897,
        0.0,
        0.0,
        0.0
    ],
    "selected_dist_tree_index": 12,
    "selected_dist_tree_distance": 0.01778,
    "selected_dist_tree_auc": 0.6206293706293706,
    "dist_tree_depth": 7,
    "dist_tree_nodes": 47,
    "dist_min_importances": [
        0.049339604990536516,
        0.0,
        0.0,
        0.0,
        0.2037662887064586,
        0.19815753395034869,
        0.0804809831673497,
        0.0,
        0.0,
        0.0,
        0.0,
        0.0,
        0.0010230118806667523,
        0.0,
        0.0,
        0.0,
        0.0,
        0.0,
        0.0,
        0.0,
        0.0,
        0.0,
        0.0034044493733664696,
        0.04728401907453434,
        0.0,
        0.0,
        0.0,
        0.015130886103851,
        0.0,
        0.0,
        0.0,
        0.0,
        0.0,
        0.0,
        0.0,
        0.015904458282327425,
        0.0,
        0.02228366862567146,
        0.0,
        0.013378888765510345,
        0.0719214816449496,
        0.043231103153859966,
        0.0,
        0.1245986440412952,
        0.0,
        0.0,
        0.0,
        0.0,
        0.0021830631692123094,
        0.0,
        0.07334115081683926,
        0.003617109837263922,
        0.0038514982809802426,
        0.0,
        0.0,
        0.02710215613497823
    ]
}