{
    "num_samples_full": 586,
    "num_samples_train": 439,
    "num_samples_test": 147,
    "train_shape": [
        439,
        56
    ],
    "random_split_shape": [
        219,
        219
    ],
    "num_trees_T0": 20,
    "num_trees_T": 20,
    "num_distances": 20,
    "average_auc": 0.6421567069294343,
    "num_pareto_trees": 3,
    "common_feature_freq": [
        [
            [
                "harddrug_life",
                45.0
            ],
            [
                "trauma_sum",
                20.0
            ]
        ],
        [
            [
                "cesd_score",
                25.0
            ],
            [
                "fight",
                20.0
            ]
        ],
        [
            [
                "prop_alter_homeless",
                15.0
            ],
            [
                "sum_alter",
                15.0
            ]
        ]
    ],
    "selected_tree_index": 16,
    "selected_tree_distance": 0.022934999999999997,
    "selected_tree_auc": 0.7989510489510491,
    "stability_accuracy_importances": [
        0.020650100919511312,
        0.0,
        0.0,
        0.0,
        0.1078269225733044,
        0.6327357325792401,
        0.0,
        0.0,
        0.0,
        0.0,
        0.0,
        0.0,
        0.0,
        0.0,
        0.0,
        0.1574685916961415,
        0.0,
        0.0,
        0.0,
        0.0,
        0.0,
        0.0,
        0.0,
        0.0,
        0.0,
        0.0,
        0.0,
        0.0,
        0.0,
        0.0,
        0.0,
        0.0,
        0.0,
        0.0,
        0.0,
        0.0,
        0.0,
        0.0,
        0.0,
        0.0,
        0.0,
        0.08131865223180268,
        0.0,
        0.0,
        0.0,
        0.0,
        0.0,
        0.0,
        0.0,
        0.0,
        0.0,
        0.0,
        0.0,
        0.0,
        0.0,
        0.0
    ],
    "selected_auc_tree_index": 16,
    "selected_auc_tree_distance": 0.022934999999999997,
    "selected_auc_tree_auc": 0.7989510489510491,
    "auc_max_importances": [
        0.020650100919511312,
        0.0,
        0.0,
        0.0,
        0.1078269225733044,
        0.6327357325792401,
        0.0,
        0.0,
        0.0,
        0.0,
        0.0,
        0.0,
        0.0,
        0.0,
        0.0,
        0.1574685916961415,
        0.0,
        0.0,
        0.0,
        0.0,
        0.0,
        0.0,
        0.0,
        0.0,
        0.0,
        0.0,
        0.0,
        0.0,
        0.0,
        0.0,
        0.0,
        0.0,
        0.0,
        0.0,
        0.0,
        0.0,
        0.0,
        0.0,
        0.0,
        0.0,
        0.0,
        0.08131865223180268,
        0.0,
        0.0,
        0.0,
        0.0,
        0.0,
        0.0,
        0.0,
        0.0,
        0.0,
        0.0,
        0.0,
        0.0,
        0.0,
        0.0
    ],
    "selected_dist_tree_index": 15,
    "selected_dist_tree_distance": 0.0055299999999999985,
    "selected_dist_tree_auc": 0.5562619198982834,
    "dist_min_importances": [
        0.06138233513506186,
        0.0,
        0.0,
        0.04653067455672923,
        0.01677905890342252,
        0.0,
        0.11464112560819338,
        0.012007658643326043,
        0.0,
        0.0,
        0.0,
        0.0,
        0.003965319831051881,
        0.02043236608244592,
        0.0,
        0.053846268767711834,
        0.0,
        0.0,
        0.0,
        0.0,
        0.10700058768352963,
        0.0,
        0.004002552881108681,
        0.0,
        0.01601021152443472,
        0.0,
        0.0,
        0.04680692902502576,
        0.0,
        0.1135035119412131,
        0.05427630865963023,
        0.04584742391088125,
        0.0,
        0.0,
        0.0,
        0.0,
        0.0,
        0.046206072176904665,
        0.0,
        0.0,
        0.0,
        0.0,
        0.00420268052516412,
        0.05146139418568303,
        0.005809335625971379,
        0.04322757111597374,
        0.0,
        0.0,
        0.0,
        0.019212253829321672,
        0.06741141694498831,
        0.0,
        0.045436942442227055,
        0.0,
        0.0,
        0.0
    ]
}