{
    "num_samples_full": 569,
    "num_samples_train": 426,
    "num_samples_test": 143,
    "train_shape": [
        426,
        30
    ],
    "random_split_shape": [
        213,
        213
    ],
    "num_trees_T0": 20,
    "num_trees_T": 20,
    "num_distances": 20,
    "average_auc": 0.9382809224318658,
    "num_pareto_trees": 5,
    "common_feature_freq": [
        [
            [
                "worst concave points",
                45.0
            ],
            [
                "worst perimeter",
                35.0
            ]
        ],
        [
            [
                "worst area",
                35.0
            ],
            [
                "worst concave points",
                20.0
            ]
        ],
        [
            [
                "area error",
                30.0
            ],
            [
                "texture error",
                10.0
            ]
        ]
    ],
    "selected_tree_index": 11,
    "selected_tree_distance": 0.060044999999999994,
    "selected_tree_auc": 0.9575471698113208,
    "stability_tree_depth": 3,
    "stability_tree_nodes": 9,
    "stability_accuracy_importances": [
        0.0,
        0.0,
        0.0,
        0.0,
        0.0,
        0.0,
        0.0,
        0.0007321088421430719,
        0.0,
        0.0,
        0.0,
        0.0,
        0.0,
        0.0,
        0.0,
        0.0,
        0.0,
        0.0,
        0.0,
        0.0,
        0.0,
        0.0,
        0.9499450684838561,
        0.0,
        0.0,
        0.0,
        0.0,
        0.049322822674000816,
        0.0,
        0.0
    ],
    "selected_auc_tree_index": 2,
    "selected_auc_tree_distance": 0.06813999999999999,
    "selected_auc_tree_auc": 0.9617400419287212,
    "auc_tree_depth": 3,
    "auc_tree_nodes": 11,
    "auc_max_importances": [
        0.0,
        0.0,
        0.0,
        0.0,
        0.0,
        0.0,
        0.0,
        0.0,
        0.0,
        0.0,
        0.0,
        0.0033091982575059044,
        0.0,
        0.0,
        0.0,
        0.0,
        0.0,
        0.0,
        0.0,
        0.0,
        0.0,
        0.016348515974351743,
        0.9800255638227044,
        0.0,
        0.0,
        0.0,
        0.0,
        0.00031672194543788055,
        0.0,
        0.0
    ],
    "selected_dist_tree_index": 12,
    "selected_dist_tree_distance": 0.028275000000000005,
    "selected_dist_tree_auc": 0.9377358490566038,
    "dist_tree_depth": 5,
    "dist_tree_nodes": 17,
    "dist_min_importances": [
        0.0,
        0.10533919994560756,
        0.0,
        0.0,
        0.0,
        0.0,
        0.0,
        0.0,
        0.0,
        0.0,
        0.0,
        0.0,
        0.0,
        0.009564429620227202,
        0.0,
        0.0,
        0.0,
        0.0,
        0.0,
        0.01306035370525757,
        0.0,
        0.006050780187686051,
        0.7649359297085742,
        0.0,
        0.0,
        0.0,
        0.0,
        0.10104930683264737,
        0.0,
        0.0
    ]
}