{
    "num_samples_full": 569,
    "num_samples_train": 535,
    "num_samples_test": 179,
    "train_shape": [
        535,
        30
    ],
    "random_split_shape": [
        267,
        267
    ],
    "num_trees_T0": 20,
    "num_trees_T": 20,
    "num_distances": 20,
    "average_auc": 0.9724375780274658,
    "num_pareto_trees": 8,
    "common_feature_freq": [
        [
            [
                "worst perimeter",
                45.0
            ],
            [
                "mean concave points",
                25.0
            ]
        ],
        [
            [
                "worst concave points",
                25.0
            ],
            [
                "mean concave points",
                15.0
            ]
        ],
        [
            [
                "area error",
                35.0
            ],
            [
                "radius error",
                25.0
            ]
        ]
    ],
    "selected_tree_index": 0,
    "selected_tree_distance": 0.05117499999999999,
    "selected_tree_auc": 0.9930711610486892,
    "stability_tree_depth": 5,
    "stability_tree_nodes": 27,
    "stability_accuracy_importances": [
        0.0,
        0.0,
        0.0,
        0.06404831147078793,
        0.0009074354408491172,
        0.0,
        0.0,
        0.07958499374392833,
        0.0,
        0.0,
        0.0,
        0.012820908897397237,
        0.0,
        0.014692332746674357,
        0.0,
        0.0,
        0.0,
        0.009625297354720978,
        0.0,
        0.0,
        0.0,
        0.06399109579872275,
        0.0,
        0.06947552594001044,
        0.0,
        0.0,
        0.0,
        0.6848540986069088,
        0.0,
        0.0
    ],
    "selected_auc_tree_index": 0,
    "selected_auc_tree_distance": 0.05117499999999999,
    "selected_auc_tree_auc": 0.9930711610486892,
    "auc_tree_depth": 5,
    "auc_tree_nodes": 27,
    "auc_max_importances": [
        0.0,
        0.0,
        0.0,
        0.06404831147078793,
        0.0009074354408491172,
        0.0,
        0.0,
        0.07958499374392833,
        0.0,
        0.0,
        0.0,
        0.012820908897397237,
        0.0,
        0.014692332746674357,
        0.0,
        0.0,
        0.0,
        0.009625297354720978,
        0.0,
        0.0,
        0.0,
        0.06399109579872275,
        0.0,
        0.06947552594001044,
        0.0,
        0.0,
        0.0,
        0.6848540986069088,
        0.0,
        0.0
    ],
    "selected_dist_tree_index": 10,
    "selected_dist_tree_distance": 0.010635,
    "selected_dist_tree_auc": 0.9533707865168539,
    "dist_tree_depth": 7,
    "dist_tree_nodes": 31,
    "dist_min_importances": [
        0.0,
        0.002077280199562263,
        0.0,
        0.1002856140786736,
        0.016106911085836624,
        0.0,
        0.0,
        0.06743890828331442,
        0.0,
        0.0,
        0.003408870071076534,
        0.0,
        0.0,
        0.0,
        0.0,
        0.0024591602448274766,
        0.0,
        0.058551908921727513,
        0.0,
        0.0051133051066148,
        0.002191416474263488,
        0.0009384207818249644,
        0.0,
        0.00816835503890931,
        0.0,
        0.0,
        0.028967432912811696,
        0.7042924168005573,
        0.0,
        0.0
    ]
}