{
    "num_samples_full": 586,
    "num_samples_train": 439,
    "num_samples_test": 147,
    "train_shape": [
        439,
        56
    ],
    "random_split_shape": [
        219,
        219
    ],
    "num_trees_T0": 20,
    "num_trees_T": 20,
    "num_distances": 20,
    "average_auc": 0.6133900190718373,
    "num_pareto_trees": 4,
    "common_feature_freq": [
        [
            [
                "trauma_sum",
                40.0
            ],
            [
                "ptsd_score",
                30.0
            ]
        ],
        [
            [
                "harddrug_life",
                30.0
            ],
            [
                "prop_friends_street_emosup",
                10.0
            ]
        ],
        [
            [
                "trauma_sum",
                15.0
            ],
            [
                "harddrug_life",
                10.0
            ]
        ]
    ],
    "selected_tree_index": 16,
    "selected_tree_distance": 0.047510000000000004,
    "selected_tree_auc": 0.7190082644628099,
    "stability_tree_depth": 4,
    "stability_tree_nodes": 13,
    "stability_accuracy_importances": [
        0.0,
        0.0,
        0.0,
        0.0,
        0.5468287818967907,
        0.24939026189448116,
        0.12260954933462338,
        0.0,
        0.0,
        0.0,
        0.0,
        0.0,
        0.0,
        0.0,
        0.020299019674618075,
        0.0,
        0.0,
        0.0,
        0.0,
        0.0,
        0.0,
        0.0,
        0.0,
        0.0009397387430314935,
        0.0,
        0.0,
        0.0,
        0.0,
        0.0,
        0.0,
        0.0,
        0.0,
        0.0,
        0.0,
        0.0,
        0.0,
        0.0,
        0.0,
        0.0,
        0.0,
        0.0,
        0.0,
        0.0,
        0.0,
        0.0,
        0.0,
        0.0,
        0.0,
        0.0,
        0.0,
        0.0,
        0.0,
        0.0,
        0.0,
        0.05993264845645516,
        0.0
    ],
    "selected_auc_tree_index": 16,
    "selected_auc_tree_distance": 0.047510000000000004,
    "selected_auc_tree_auc": 0.7190082644628099,
    "auc_tree_depth": 4,
    "auc_tree_nodes": 13,
    "auc_max_importances": [
        0.0,
        0.0,
        0.0,
        0.0,
        0.5468287818967907,
        0.24939026189448116,
        0.12260954933462338,
        0.0,
        0.0,
        0.0,
        0.0,
        0.0,
        0.0,
        0.0,
        0.020299019674618075,
        0.0,
        0.0,
        0.0,
        0.0,
        0.0,
        0.0,
        0.0,
        0.0,
        0.0009397387430314935,
        0.0,
        0.0,
        0.0,
        0.0,
        0.0,
        0.0,
        0.0,
        0.0,
        0.0,
        0.0,
        0.0,
        0.0,
        0.0,
        0.0,
        0.0,
        0.0,
        0.0,
        0.0,
        0.0,
        0.0,
        0.0,
        0.0,
        0.0,
        0.0,
        0.0,
        0.0,
        0.0,
        0.0,
        0.0,
        0.0,
        0.05993264845645516,
        0.0
    ],
    "selected_dist_tree_index": 4,
    "selected_dist_tree_distance": 0.01014,
    "selected_dist_tree_auc": 0.5122377622377622,
    "dist_tree_depth": 8,
    "dist_tree_nodes": 53,
    "dist_min_importances": [
        0.03985065610131879,
        0.0,
        0.0,
        0.06515615172662953,
        0.07360680616729716,
        0.0,
        0.0769098801477275,
        0.0,
        0.0,
        0.0,
        0.0,
        0.0,
        0.0,
        0.0,
        0.07801902969850015,
        0.0,
        0.0,
        0.0,
        0.0,
        0.06164718036566019,
        0.0,
        0.028212009424178234,
        0.07603664572077982,
        0.0,
        0.0,
        0.013499313851117732,
        0.0,
        0.0,
        0.0,
        0.0,
        0.02092818153648131,
        0.011961868262103595,
        0.0,
        0.0,
        0.0,
        0.05013810336012633,
        0.0,
        0.0,
        0.0,
        0.0461036159224513,
        0.0,
        0.05000890776212587,
        0.13786579481418668,
        0.0,
        0.005681859240673644,
        0.0,
        0.0,
        0.0,
        0.046553048400477436,
        0.021051358077962316,
        0.04459629211101799,
        0.0,
        0.0468899573624747,
        0.0030776737553648995,
        0.0,
        0.002205666191344844
    ]
}