{
    "num_samples_full": 586,
    "num_samples_train": 439,
    "num_samples_test": 147,
    "train_shape": [
        439,
        56
    ],
    "random_split_shape": [
        219,
        219
    ],
    "num_trees_T0": 20,
    "num_trees_T": 20,
    "num_distances": 20,
    "average_auc": 0.617776541640178,
    "num_pareto_trees": 5,
    "common_feature_freq": [
        [
            [
                "harddrug_life",
                35.0
            ],
            [
                "trauma_sum",
                25.0
            ]
        ],
        [
            [
                "trauma_sum",
                30.0
            ],
            [
                "harddrug_life",
                20.0
            ]
        ],
        [
            [
                "harddrug_life",
                20.0
            ],
            [
                "LEAF_NODE",
                10.0
            ]
        ]
    ],
    "selected_tree_index": 0,
    "selected_tree_distance": 0.032825,
    "selected_tree_auc": 0.7654164017800381,
    "stability_tree_depth": 5,
    "stability_tree_nodes": 15,
    "stability_accuracy_importances": [
        0.0,
        0.0,
        0.0,
        0.0,
        0.0,
        0.19038211943115727,
        0.4765620814993551,
        0.0,
        0.0,
        0.0,
        0.0,
        0.0,
        0.0,
        0.0,
        0.0,
        0.0,
        0.0,
        0.004945966662556696,
        0.0,
        0.0,
        0.0,
        0.0,
        0.0,
        0.2423323646541301,
        0.0,
        0.0,
        0.0,
        0.0,
        0.0,
        0.0,
        0.0,
        0.0,
        0.0,
        0.0,
        0.0,
        0.0,
        0.0,
        0.0,
        0.0,
        0.0,
        0.0,
        0.0,
        0.0,
        0.0,
        0.021208874844967834,
        0.0,
        0.0,
        0.0,
        0.0,
        0.0,
        0.0,
        0.0,
        0.0,
        0.0,
        0.06456859290783303,
        0.0
    ],
    "selected_auc_tree_index": 0,
    "selected_auc_tree_distance": 0.032825,
    "selected_auc_tree_auc": 0.7654164017800381,
    "auc_tree_depth": 5,
    "auc_tree_nodes": 15,
    "auc_max_importances": [
        0.0,
        0.0,
        0.0,
        0.0,
        0.0,
        0.19038211943115727,
        0.4765620814993551,
        0.0,
        0.0,
        0.0,
        0.0,
        0.0,
        0.0,
        0.0,
        0.0,
        0.0,
        0.0,
        0.004945966662556696,
        0.0,
        0.0,
        0.0,
        0.0,
        0.0,
        0.2423323646541301,
        0.0,
        0.0,
        0.0,
        0.0,
        0.0,
        0.0,
        0.0,
        0.0,
        0.0,
        0.0,
        0.0,
        0.0,
        0.0,
        0.0,
        0.0,
        0.0,
        0.0,
        0.0,
        0.0,
        0.0,
        0.021208874844967834,
        0.0,
        0.0,
        0.0,
        0.0,
        0.0,
        0.0,
        0.0,
        0.0,
        0.0,
        0.06456859290783303,
        0.0
    ],
    "selected_dist_tree_index": 16,
    "selected_dist_tree_distance": 0.005665,
    "selected_dist_tree_auc": 0.5924984106802289,
    "dist_tree_depth": 9,
    "dist_tree_nodes": 61,
    "dist_min_importances": [
        0.002760428161900685,
        0.0,
        0.0,
        0.0,
        0.0511635296083928,
        0.08956267570664538,
        0.15475332303411726,
        0.0,
        0.0,
        0.0,
        0.0,
        0.0,
        0.005326002571196627,
        0.0844846320173994,
        0.0,
        0.0,
        0.0,
        0.015454718202284268,
        0.02839297537954989,
        0.0,
        0.015458397706643822,
        0.0,
        0.0,
        0.05216747378294676,
        0.0,
        0.0,
        0.05468348179417388,
        0.014722283530136977,
        0.0,
        0.0,
        0.005099499383237335,
        0.0,
        0.07251801048227435,
        0.0,
        0.0,
        0.013709439863767776,
        0.0,
        0.0,
        0.023555653648219172,
        0.0,
        0.0,
        0.0,
        0.036577101938228516,
        0.012619100168688838,
        0.04830749283326197,
        0.036069594648835614,
        0.0,
        0.05027072837944135,
        0.0,
        0.0,
        0.0,
        0.04180141344831493,
        0.09054204371034243,
        0.0,
        0.0,
        0.0
    ]
}