{
    "num_samples_full": 569,
    "num_samples_train": 426,
    "num_samples_test": 143,
    "train_shape": [
        426,
        30
    ],
    "random_split_shape": [
        213,
        213
    ],
    "num_trees_T0": 20,
    "num_trees_T": 20,
    "num_distances": 20,
    "average_auc": 0.9604507337526206,
    "num_pareto_trees": 4,
    "common_feature_freq": [
        [
            [
                "worst perimeter",
                40.0
            ],
            [
                "worst concave points",
                30.0
            ]
        ],
        [
            [
                "worst concave points",
                30.0
            ],
            [
                "worst area",
                15.0
            ]
        ],
        [
            [
                "area error",
                20.0
            ],
            [
                "worst texture",
                10.0
            ]
        ]
    ],
    "selected_tree_index": 8,
    "selected_tree_distance": 0.044930000000000005,
    "selected_tree_auc": 0.9953878406708596,
    "stability_tree_depth": 4,
    "stability_tree_nodes": 11,
    "stability_accuracy_importances": [
        0.0,
        0.0,
        0.0,
        0.0,
        0.0,
        0.0,
        0.0,
        0.0,
        0.0,
        0.015304519127228544,
        0.0,
        0.0,
        0.00035185798238880937,
        0.0,
        0.0,
        0.0,
        0.0,
        0.0,
        0.0,
        0.0,
        0.0,
        0.0,
        0.008100845514750812,
        0.8754120842333187,
        0.0,
        0.0,
        0.0,
        0.10083069314231302,
        0.0,
        0.0
    ],
    "selected_auc_tree_index": 8,
    "selected_auc_tree_distance": 0.044930000000000005,
    "selected_auc_tree_auc": 0.9953878406708596,
    "auc_tree_depth": 4,
    "auc_tree_nodes": 11,
    "auc_max_importances": [
        0.0,
        0.0,
        0.0,
        0.0,
        0.0,
        0.0,
        0.0,
        0.0,
        0.0,
        0.015304519127228544,
        0.0,
        0.0,
        0.00035185798238880937,
        0.0,
        0.0,
        0.0,
        0.0,
        0.0,
        0.0,
        0.0,
        0.0,
        0.0,
        0.008100845514750812,
        0.8754120842333187,
        0.0,
        0.0,
        0.0,
        0.10083069314231302,
        0.0,
        0.0
    ],
    "selected_dist_tree_index": 17,
    "selected_dist_tree_distance": 0.018649999999999996,
    "selected_dist_tree_auc": 0.9519916142557653,
    "dist_tree_depth": 6,
    "dist_tree_nodes": 23,
    "dist_min_importances": [
        0.0,
        0.008362268795413708,
        0.0,
        0.12630492932009582,
        0.0,
        0.0,
        0.005795224417390673,
        0.0,
        0.0,
        0.0,
        0.0,
        0.0,
        0.0,
        0.013933698923544905,
        0.0,
        0.0,
        0.0035685296652559887,
        0.0,
        0.0,
        0.03203952608545821,
        0.008005095364877285,
        0.0020306689251784705,
        0.0,
        0.0,
        0.012438874833177894,
        0.0,
        0.0,
        0.7844724398379459,
        0.0030487438316612503,
        0.0
    ]
}