{
    "num_samples_full": 569,
    "num_samples_train": 426,
    "num_samples_test": 143,
    "train_shape": [
        426,
        30
    ],
    "random_split_shape": [
        213,
        213
    ],
    "num_trees_T0": 20,
    "num_trees_T": 20,
    "num_distances": 20,
    "average_auc": 0.9445440251572327,
    "num_pareto_trees": 3,
    "common_feature_freq": [
        [
            [
                "worst perimeter",
                40.0
            ],
            [
                "worst radius",
                30.0
            ]
        ],
        [
            [
                "worst concave points",
                60.0
            ],
            [
                "worst smoothness",
                10.0
            ]
        ],
        [
            [
                "area error",
                30.0
            ],
            [
                "worst concave points",
                15.0
            ]
        ]
    ],
    "selected_tree_index": 3,
    "selected_tree_distance": 0.03578,
    "selected_tree_auc": 0.969916142557652,
    "stability_tree_depth": 4,
    "stability_tree_nodes": 11,
    "stability_accuracy_importances": [
        0.0,
        0.0,
        0.0,
        0.0,
        0.0,
        0.0,
        0.0,
        0.0,
        0.0,
        0.0,
        0.00034670892402024074,
        0.0,
        0.0,
        0.0,
        0.0,
        0.0,
        0.0,
        0.0,
        0.0,
        0.0,
        0.007738892669341607,
        0.003718710890414106,
        0.0,
        0.8292165593841719,
        0.0,
        0.0,
        0.0,
        0.15897912813205214,
        0.0,
        0.0
    ],
    "selected_auc_tree_index": 3,
    "selected_auc_tree_distance": 0.03578,
    "selected_auc_tree_auc": 0.969916142557652,
    "auc_tree_depth": 4,
    "auc_tree_nodes": 11,
    "auc_max_importances": [
        0.0,
        0.0,
        0.0,
        0.0,
        0.0,
        0.0,
        0.0,
        0.0,
        0.0,
        0.0,
        0.00034670892402024074,
        0.0,
        0.0,
        0.0,
        0.0,
        0.0,
        0.0,
        0.0,
        0.0,
        0.0,
        0.007738892669341607,
        0.003718710890414106,
        0.0,
        0.8292165593841719,
        0.0,
        0.0,
        0.0,
        0.15897912813205214,
        0.0,
        0.0
    ],
    "selected_dist_tree_index": 1,
    "selected_dist_tree_distance": 0.011740000000000002,
    "selected_dist_tree_auc": 0.9444444444444444,
    "dist_tree_depth": 6,
    "dist_tree_nodes": 17,
    "dist_min_importances": [
        0.001348846195403912,
        0.0,
        0.0,
        0.0,
        0.001348846195403913,
        0.0,
        0.0,
        0.0,
        0.0,
        0.0,
        0.0081454568723009,
        0.0,
        0.0,
        0.0,
        0.0,
        0.0,
        0.0,
        0.0,
        0.0,
        0.0,
        0.0,
        0.0008019825225481604,
        0.0,
        0.8371184807527025,
        0.0,
        0.0,
        0.033761418950632345,
        0.11747496851100832,
        0.0,
        0.0
    ]
}