{
    "num_samples_full": 569,
    "num_samples_train": 535,
    "num_samples_test": 179,
    "train_shape": [
        535,
        30
    ],
    "random_split_shape": [
        267,
        267
    ],
    "num_trees_T0": 20,
    "num_trees_T": 20,
    "num_distances": 20,
    "average_auc": 0.9437328339575531,
    "num_pareto_trees": 2,
    "common_feature_freq": [
        [
            [
                "worst perimeter",
                55.00000000000001
            ],
            [
                "mean concave points",
                35.0
            ]
        ],
        [
            [
                "area error",
                20.0
            ],
            [
                "mean area",
                15.0
            ]
        ],
        [
            [
                "perimeter error",
                15.0
            ],
            [
                "area error",
                15.0
            ]
        ]
    ],
    "selected_tree_index": 18,
    "selected_tree_distance": 0.04479000000000001,
    "selected_tree_auc": 0.9741573033707865,
    "stability_tree_depth": 5,
    "stability_tree_nodes": 21,
    "stability_accuracy_importances": [
        0.0,
        0.06442353474421736,
        0.0,
        0.0,
        0.0,
        0.0,
        0.007196350494032982,
        0.8462749256583166,
        0.0,
        0.0,
        0.0,
        0.0,
        0.0,
        0.034866573627204155,
        0.0,
        0.0,
        0.0,
        0.0,
        0.0,
        0.0,
        0.0,
        0.00496131984977611,
        0.0,
        0.03393940911902176,
        0.007542801484000549,
        0.0,
        0.0,
        0.0007950850234303449,
        0.0,
        0.0
    ],
    "selected_auc_tree_index": 18,
    "selected_auc_tree_distance": 0.04479000000000001,
    "selected_auc_tree_auc": 0.9741573033707865,
    "auc_tree_depth": 5,
    "auc_tree_nodes": 21,
    "auc_max_importances": [
        0.0,
        0.06442353474421736,
        0.0,
        0.0,
        0.0,
        0.0,
        0.007196350494032982,
        0.8462749256583166,
        0.0,
        0.0,
        0.0,
        0.0,
        0.0,
        0.034866573627204155,
        0.0,
        0.0,
        0.0,
        0.0,
        0.0,
        0.0,
        0.0,
        0.00496131984977611,
        0.0,
        0.03393940911902176,
        0.007542801484000549,
        0.0,
        0.0,
        0.0007950850234303449,
        0.0,
        0.0
    ],
    "selected_dist_tree_index": 3,
    "selected_dist_tree_distance": 0.016854999999999995,
    "selected_dist_tree_auc": 0.9421972534332086,
    "dist_tree_depth": 6,
    "dist_tree_nodes": 23,
    "dist_min_importances": [
        0.0,
        0.0572719102579595,
        0.0,
        0.0,
        0.0,
        0.0,
        0.0,
        0.0014963641931607678,
        0.0,
        0.0,
        0.0,
        0.0,
        0.03733883479340245,
        0.0011961397250619646,
        0.004568898669784189,
        0.0,
        0.0,
        0.0,
        0.0,
        0.0,
        0.0,
        0.0006716369417864475,
        0.7370722323059173,
        0.08119896445449794,
        0.070302024884453,
        0.0,
        0.008037450838334462,
        0.0,
        0.0,
        0.0008455429356418808
    ]
}