{
    "num_samples_full": 586,
    "num_samples_train": 439,
    "num_samples_test": 147,
    "train_shape": [
        439,
        56
    ],
    "random_split_shape": [
        219,
        219
    ],
    "num_trees_T0": 20,
    "num_trees_T": 20,
    "num_distances": 20,
    "average_auc": 0.6207088366179275,
    "num_pareto_trees": 3,
    "common_feature_freq": [
        [
            [
                18,
                30.0
            ],
            [
                6,
                20.0
            ]
        ],
        [
            [
                15,
                15.0
            ],
            [
                6,
                15.0
            ]
        ],
        [
            [
                53,
                15.0
            ],
            [
                6,
                15.0
            ]
        ]
    ],
    "selected_tree_index": 7,
    "selected_tree_distance": 0.013835,
    "selected_tree_auc": 0.6875397329942785,
    "std_gini_importance": 0.04543509326581607
}