{
    "num_samples_full": 587,
    "num_samples_train": 627,
    "num_samples_test": 209,
    "train_shape": [
        627,
        56
    ],
    "random_split_shape": [
        313,
        313
    ],
    "num_trees_T0": 20,
    "num_trees_T": 20,
    "num_distances": 20,
    "average_auc": 0.8349537487828629,
    "num_pareto_trees": 5,
    "common_feature_freq": [
        [
            [
                "ptsd_score",
                45.0
            ],
            [
                "fight",
                30.0
            ]
        ],
        [
            [
                "fight",
                35.0
            ],
            [
                "ptsd_score",
                25.0
            ]
        ],
        [
            [
                "homelage",
                15.0
            ],
            [
                "time_homeless_month",
                15.0
            ]
        ]
    ],
    "selected_tree_index": 8,
    "selected_tree_distance": 0.026204999999999996,
    "selected_tree_auc": 0.8648003894839338,
    "stability_tree_depth": 5,
    "stability_tree_nodes": 19,
    "stability_accuracy_importances": [
        0.0,
        0.0,
        0.0,
        0.0,
        0.0,
        0.020761452510268546,
        0.0,
        0.0,
        0.0,
        0.0,
        0.0,
        0.0,
        0.0,
        0.0,
        0.12187565717739092,
        0.09398266150401109,
        0.0,
        0.0,
        0.6175207553978251,
        0.0,
        0.0,
        0.0,
        0.0,
        0.0,
        0.0,
        0.0,
        0.11012616488383445,
        0.0,
        0.0,
        0.0,
        0.0,
        0.0,
        0.0,
        0.0,
        0.0,
        0.0,
        0.0,
        0.0,
        0.0,
        0.024752044389007147,
        0.0,
        0.0,
        0.0,
        0.0,
        0.0,
        0.0,
        0.0,
        0.0,
        0.0,
        0.0,
        0.0,
        0.0,
        0.0,
        0.0,
        0.0,
        0.010981264137662672
    ],
    "selected_auc_tree_index": 15,
    "selected_auc_tree_distance": 0.10402000000000003,
    "selected_auc_tree_auc": 0.8688412852969816,
    "auc_tree_depth": 4,
    "auc_tree_nodes": 31,
    "auc_max_importances": [
        0.0,
        0.0,
        0.0,
        0.0,
        0.0,
        0.018584956060203932,
        0.03201505695578921,
        0.0,
        0.0,
        0.0,
        0.0,
        0.027000407609183277,
        0.0,
        0.0,
        0.0,
        0.0830075584607307,
        0.4115842930271627,
        0.0,
        0.0,
        0.06408211841569485,
        0.0,
        0.0,
        0.0,
        0.043709721667250866,
        0.08642008251262719,
        0.0,
        0.10195411571755704,
        0.0,
        0.0,
        0.0,
        0.0,
        0.0,
        0.0,
        0.0,
        0.0,
        0.0,
        0.0,
        0.0,
        0.0,
        0.0027259670782385278,
        0.0,
        0.0015333564815091744,
        0.05632559105487303,
        0.0,
        0.020219636980699958,
        0.0,
        0.0,
        0.0,
        0.0,
        0.0,
        0.03262417671842544,
        0.0,
        0.018212961260054103,
        0.0,
        0.0,
        0.0
    ],
    "selected_dist_tree_index": 1,
    "selected_dist_tree_distance": 0.006055,
    "selected_dist_tree_auc": 0.8149951314508277,
    "dist_tree_depth": 8,
    "dist_tree_nodes": 41,
    "dist_min_importances": [
        0.0,
        0.0,
        0.0,
        0.0,
        0.06369300263488385,
        0.01616379148427333,
        0.04281538308543748,
        0.023937697496653282,
        0.0,
        0.0,
        0.0,
        0.0,
        0.0,
        0.0,
        0.17850117838737742,
        0.07671693029046167,
        0.022171818452528285,
        0.0,
        0.331372500548394,
        0.0,
        0.0,
        0.0,
        0.13117460889008598,
        0.0,
        0.0,
        0.0,
        0.05144742197814321,
        0.000525345822831791,
        0.0,
        0.0,
        0.0,
        0.006363385188670879,
        0.0,
        0.0,
        0.0,
        0.0,
        0.0,
        0.0,
        0.0,
        0.0,
        0.0,
        0.0,
        0.0,
        0.036607314199629745,
        0.0,
        0.0,
        0.004587845855278453,
        0.0,
        0.0,
        0.0,
        0.0,
        0.0,
        0.0,
        0.013921775685350668,
        0.0,
        0.0
    ]
}