{
    "num_samples_full": 569,
    "num_samples_train": 535,
    "num_samples_test": 179,
    "train_shape": [
        535,
        30
    ],
    "random_split_shape": [
        267,
        267
    ],
    "num_trees_T0": 20,
    "num_trees_T": 20,
    "num_distances": 20,
    "average_auc": 0.9508801498127342,
    "num_pareto_trees": 3,
    "common_feature_freq": [
        [
            [
                "worst perimeter",
                60.0
            ],
            [
                "mean concave points",
                25.0
            ]
        ],
        [
            [
                "worst concave points",
                30.0
            ],
            [
                "worst smoothness",
                20.0
            ]
        ],
        [
            [
                "area error",
                60.0
            ],
            [
                "mean concave points",
                10.0
            ]
        ]
    ],
    "selected_tree_index": 18,
    "selected_tree_distance": 0.030534999999999996,
    "selected_tree_auc": 0.9700998751560549,
    "stability_tree_depth": 5,
    "stability_tree_nodes": 19,
    "stability_accuracy_importances": [
        0.0,
        0.0,
        0.0,
        0.0,
        0.0,
        0.0,
        0.0,
        0.04123942669934046,
        0.0,
        0.0,
        0.0007953824098573901,
        0.0,
        0.0,
        0.032390873680789946,
        0.0,
        0.045273472770836196,
        0.0,
        0.0,
        0.0,
        0.0,
        0.0,
        0.005765503815265915,
        0.7761169831976702,
        0.0,
        0.0,
        0.0,
        0.006963265309390132,
        0.09145509211684977,
        0.0,
        0.0
    ],
    "selected_auc_tree_index": 18,
    "selected_auc_tree_distance": 0.030534999999999996,
    "selected_auc_tree_auc": 0.9700998751560549,
    "auc_tree_depth": 5,
    "auc_tree_nodes": 19,
    "auc_max_importances": [
        0.0,
        0.0,
        0.0,
        0.0,
        0.0,
        0.0,
        0.0,
        0.04123942669934046,
        0.0,
        0.0,
        0.0007953824098573901,
        0.0,
        0.0,
        0.032390873680789946,
        0.0,
        0.045273472770836196,
        0.0,
        0.0,
        0.0,
        0.0,
        0.0,
        0.005765503815265915,
        0.7761169831976702,
        0.0,
        0.0,
        0.0,
        0.006963265309390132,
        0.09145509211684977,
        0.0,
        0.0
    ],
    "selected_dist_tree_index": 12,
    "selected_dist_tree_distance": 0.01015,
    "selected_dist_tree_auc": 0.9416978776529339,
    "dist_tree_depth": 7,
    "dist_tree_nodes": 31,
    "dist_min_importances": [
        0.0,
        0.0,
        0.0,
        0.0,
        0.0,
        0.0,
        0.0,
        0.09208525970057146,
        0.0007908719230964198,
        0.0,
        0.0,
        0.0,
        0.02155454425621748,
        0.0478807043441289,
        0.0,
        0.026362397436547228,
        0.0,
        0.013210168385786304,
        0.0,
        0.0,
        0.0,
        0.00029587584356974435,
        0.7372034020361424,
        0.0,
        0.055024181760615576,
        0.0,
        0.005592594313324666,
        0.0,
        0.0,
        0.0
    ]
}