{
    "num_samples_full": 586,
    "num_samples_train": 439,
    "num_samples_test": 147,
    "train_shape": [
        439,
        56
    ],
    "random_split_shape": [
        219,
        219
    ],
    "num_trees_T0": 20,
    "num_trees_T": 20,
    "num_distances": 20,
    "average_auc": 0.594747298156389,
    "num_pareto_trees": 6,
    "common_feature_freq": [
        [
            [
                "trauma_sum",
                35.0
            ],
            [
                "exchange",
                15.0
            ]
        ],
        [
            [
                "exchange",
                10.0
            ],
            [
                "LEAF_NODE",
                10.0
            ]
        ],
        [
            [
                "harddrug_life",
                15.0
            ],
            [
                "prop_alter_school_job",
                10.0
            ]
        ]
    ],
    "selected_tree_index": 10,
    "selected_tree_distance": 0.0381,
    "selected_tree_auc": 0.6872218690400508,
    "stability_tree_depth": 6,
    "stability_tree_nodes": 41,
    "stability_accuracy_importances": [
        0.0,
        0.0,
        0.0,
        0.0,
        0.05719958613500047,
        0.0,
        0.2660274203708364,
        0.0,
        0.0,
        0.0,
        0.0,
        0.06147677568233949,
        0.0,
        0.0,
        0.01461143500306745,
        0.119888697461066,
        0.0,
        0.0,
        0.0,
        0.0,
        0.00176119975483401,
        0.0,
        0.03592364492870761,
        0.0,
        0.0,
        0.0,
        0.0,
        0.0018264293753834091,
        0.061019345041219045,
        0.0,
        0.0,
        0.0,
        0.0,
        0.0,
        0.0,
        0.0,
        0.0,
        0.0,
        0.0,
        0.0,
        0.1985664284053089,
        0.03131021786371593,
        0.0,
        0.0,
        0.026615998707414264,
        0.0,
        0.0,
        0.0,
        0.0,
        0.0,
        0.010346365288484816,
        0.0,
        0.0,
        0.11342645598262226,
        0.0,
        0.0
    ],
    "selected_auc_tree_index": 19,
    "selected_auc_tree_distance": 0.10375999999999999,
    "selected_auc_tree_auc": 0.6873808010171646,
    "auc_tree_depth": 3,
    "auc_tree_nodes": 15,
    "auc_max_importances": [
        0.0,
        0.0,
        0.0,
        0.0,
        0.4433714680688548,
        0.0,
        0.0650332926790051,
        0.0,
        0.0,
        0.0,
        0.0,
        0.0,
        0.0,
        0.0,
        0.0,
        0.0,
        0.0,
        0.0,
        0.0,
        0.0,
        0.0,
        0.0,
        0.0,
        0.0,
        0.0,
        0.0,
        0.0,
        0.0,
        0.0,
        0.0,
        0.0,
        0.0,
        0.0,
        0.0,
        0.0,
        0.0,
        0.0,
        0.0,
        0.0,
        0.1123837862473356,
        0.3380048738710242,
        0.0,
        0.0,
        0.0,
        0.0,
        0.0,
        0.0,
        0.0,
        0.0,
        0.0,
        0.0,
        0.0,
        0.041206579133780216,
        0.0,
        0.0,
        0.0
    ],
    "selected_dist_tree_index": 2,
    "selected_dist_tree_distance": 0.005025,
    "selected_dist_tree_auc": 0.5402097902097902,
    "dist_tree_depth": 9,
    "dist_tree_nodes": 51,
    "dist_min_importances": [
        0.05307203767491299,
        0.0,
        0.0,
        0.0,
        0.031780862263847284,
        0.0,
        0.007059304398955123,
        0.0,
        0.0018420437748810953,
        0.0,
        0.0,
        0.0,
        0.0,
        0.03241925818801049,
        0.0,
        0.008869942633285603,
        0.11366628441297262,
        0.0,
        0.0,
        0.0,
        0.026422405413141614,
        0.0,
        0.010630337735314736,
        0.0,
        0.0,
        0.0032862279098584283,
        0.0,
        0.0843769529401668,
        0.0036084071167072915,
        0.0,
        0.0,
        0.0,
        0.0,
        0.0,
        0.0,
        0.0,
        0.0,
        0.0,
        0.0,
        0.003768395252757908,
        0.0,
        0.010223820164003961,
        0.013144911639433684,
        0.10235991378484925,
        0.17992076034303683,
        0.03042803620239278,
        0.0,
        0.0,
        0.0,
        0.06274527220332783,
        0.0,
        0.0,
        0.13604791095986593,
        0.0,
        0.08103146671355879,
        0.0032954482747190143
    ]
}