{
    "num_samples_full": 586,
    "num_samples_train": 439,
    "num_samples_test": 147,
    "train_shape": [
        439,
        56
    ],
    "random_split_shape": [
        219,
        219
    ],
    "num_trees_T0": 20,
    "num_trees_T": 20,
    "num_distances": 20,
    "average_auc": 0.6091465352828991,
    "num_pareto_trees": 7,
    "common_feature_freq": [
        [
            [
                6,
                20.0
            ],
            [
                37,
                15.0
            ]
        ],
        [
            [
                6,
                20.0
            ],
            [
                4,
                20.0
            ]
        ],
        [
            [
                6,
                15.0
            ],
            [
                40,
                10.0
            ]
        ]
    ],
    "selected_tree_index": 5,
    "selected_tree_distance": 0.042234999999999995,
    "selected_tree_auc": 0.7134456452638271
}