{
    "num_samples_full": 587,
    "num_samples_train": 440,
    "num_samples_test": 147,
    "train_shape": [
        440,
        56
    ],
    "random_split_shape": [
        220,
        220
    ],
    "num_trees_T0": 20,
    "num_trees_T": 20,
    "num_distances": 20,
    "average_auc": 0.6326018099547511,
    "num_pareto_trees": 3,
    "common_feature_freq": [
        [
            [
                "cesd_score",
                45.0
            ],
            [
                "fighthurt",
                25.0
            ]
        ],
        [
            [
                "cesd_score",
                25.0
            ],
            [
                "fight",
                20.0
            ]
        ],
        [
            [
                "LEAF_NODE",
                15.0
            ],
            [
                "fight",
                15.0
            ]
        ]
    ],
    "selected_tree_index": 8,
    "selected_tree_distance": 0.034225,
    "selected_tree_auc": 0.8117647058823529,
    "stability_tree_depth": 6,
    "stability_tree_nodes": 35,
    "stability_accuracy_importances": [
        0.0,
        0.0,
        0.0,
        0.0,
        0.0,
        0.12255385087739358,
        0.10811130686652887,
        0.0,
        0.0,
        0.0,
        0.0,
        0.0,
        0.0,
        0.017781718385096724,
        0.0,
        0.05253678663116019,
        0.0,
        0.0,
        0.0,
        0.0,
        0.0,
        0.0,
        0.11993025761719209,
        0.007854000498835162,
        0.0696010783372843,
        0.0,
        0.0,
        0.0,
        0.0,
        0.0,
        0.0,
        0.0,
        0.0,
        0.0,
        0.0,
        0.0,
        0.0,
        0.0,
        0.06505050413158606,
        0.0,
        0.0,
        0.007363125467657966,
        0.06426000408137861,
        0.0,
        0.1729679984858058,
        0.0,
        0.0,
        0.0,
        0.0,
        0.0,
        0.0,
        0.0,
        0.03141600199534065,
        0.0,
        0.16057336662473998,
        0.0
    ],
    "selected_auc_tree_index": 8,
    "selected_auc_tree_distance": 0.034225,
    "selected_auc_tree_auc": 0.8117647058823529,
    "auc_tree_depth": 6,
    "auc_tree_nodes": 35,
    "auc_max_importances": [
        0.0,
        0.0,
        0.0,
        0.0,
        0.0,
        0.12255385087739358,
        0.10811130686652887,
        0.0,
        0.0,
        0.0,
        0.0,
        0.0,
        0.0,
        0.017781718385096724,
        0.0,
        0.05253678663116019,
        0.0,
        0.0,
        0.0,
        0.0,
        0.0,
        0.0,
        0.11993025761719209,
        0.007854000498835162,
        0.0696010783372843,
        0.0,
        0.0,
        0.0,
        0.0,
        0.0,
        0.0,
        0.0,
        0.0,
        0.0,
        0.0,
        0.0,
        0.0,
        0.0,
        0.06505050413158606,
        0.0,
        0.0,
        0.007363125467657966,
        0.06426000408137861,
        0.0,
        0.1729679984858058,
        0.0,
        0.0,
        0.0,
        0.0,
        0.0,
        0.0,
        0.0,
        0.03141600199534065,
        0.0,
        0.16057336662473998,
        0.0
    ],
    "selected_dist_tree_index": 14,
    "selected_dist_tree_distance": 0.0018099999999999995,
    "selected_dist_tree_auc": 0.6509049773755655,
    "dist_tree_depth": 10,
    "dist_tree_nodes": 49,
    "dist_min_importances": [
        0.0,
        0.10517233366068238,
        0.056468288941668,
        0.0,
        0.03551859616977045,
        0.09619094461160338,
        0.1165453936820592,
        0.0,
        0.0,
        0.0,
        0.0,
        0.0,
        0.08919290332810656,
        0.0,
        0.0,
        0.0,
        0.0891178734528502,
        0.0,
        0.0,
        0.0,
        0.0,
        0.0,
        0.0899818572300873,
        0.07766169241882347,
        0.0,
        0.0,
        0.04312540903546318,
        0.017719027567685935,
        0.0,
        0.0,
        0.0,
        0.0,
        0.0013492259815849727,
        0.0,
        0.006740934400750091,
        0.0,
        0.0,
        0.0,
        0.0,
        0.011859196977796025,
        0.0,
        0.0,
        0.04478519467787461,
        0.0,
        0.0,
        0.0,
        0.006845144019657892,
        0.0,
        0.0,
        0.0,
        0.0,
        0.0,
        0.0,
        0.0,
        0.10542742326283551,
        0.00629856058070086
    ]
}