{
    "num_samples_full": 586,
    "num_samples_train": 726,
    "num_samples_test": 242,
    "train_shape": [
        726,
        56
    ],
    "random_split_shape": [
        363,
        363
    ],
    "num_trees_T0": 20,
    "num_trees_T": 20,
    "num_distances": 20,
    "average_auc": 0.8693566013250459,
    "num_pareto_trees": 4,
    "common_feature_freq": [
        [
            [
                "trauma_sum",
                70.0
            ],
            [
                "fight",
                15.0
            ]
        ],
        [
            [
                "exchange",
                65.0
            ],
            [
                "harddrug_life",
                15.0
            ]
        ],
        [
            [
                "prop_object_badbehave",
                25.0
            ],
            [
                "harddrug_life",
                15.0
            ]
        ]
    ],
    "selected_tree_index": 16,
    "selected_tree_distance": 0.07058,
    "selected_tree_auc": 0.9084078956355439,
    "stability_tree_depth": 4,
    "stability_tree_nodes": 25,
    "stability_accuracy_importances": [
        0.061924787751734205,
        0.0,
        0.0,
        0.0,
        0.10243774675939246,
        0.0,
        0.14272776645888122,
        0.0,
        0.0,
        0.0,
        0.0,
        0.0,
        0.2220854674836799,
        0.0,
        0.016571874209983996,
        0.41738974679654384,
        0.0,
        0.0,
        0.0,
        0.0,
        0.0,
        0.0,
        0.0,
        0.0,
        0.0,
        0.0,
        0.0,
        0.0,
        0.0,
        0.00497718346043676,
        0.0,
        0.0,
        0.0,
        0.0,
        0.0,
        0.0,
        0.0,
        0.0,
        0.0,
        0.0,
        0.0,
        0.0,
        0.0,
        0.0,
        0.0,
        0.0,
        0.0,
        0.0,
        0.0,
        0.0,
        0.0,
        0.0,
        0.03188542707934761,
        0.0,
        0.0,
        0.0
    ],
    "selected_auc_tree_index": 16,
    "selected_auc_tree_distance": 0.07058,
    "selected_auc_tree_auc": 0.9084078956355439,
    "auc_tree_depth": 4,
    "auc_tree_nodes": 25,
    "auc_max_importances": [
        0.061924787751734205,
        0.0,
        0.0,
        0.0,
        0.10243774675939246,
        0.0,
        0.14272776645888122,
        0.0,
        0.0,
        0.0,
        0.0,
        0.0,
        0.2220854674836799,
        0.0,
        0.016571874209983996,
        0.41738974679654384,
        0.0,
        0.0,
        0.0,
        0.0,
        0.0,
        0.0,
        0.0,
        0.0,
        0.0,
        0.0,
        0.0,
        0.0,
        0.0,
        0.00497718346043676,
        0.0,
        0.0,
        0.0,
        0.0,
        0.0,
        0.0,
        0.0,
        0.0,
        0.0,
        0.0,
        0.0,
        0.0,
        0.0,
        0.0,
        0.0,
        0.0,
        0.0,
        0.0,
        0.0,
        0.0,
        0.0,
        0.0,
        0.03188542707934761,
        0.0,
        0.0,
        0.0
    ],
    "selected_dist_tree_index": 1,
    "selected_dist_tree_distance": 0.0028099999999999996,
    "selected_dist_tree_auc": 0.8718666757735127,
    "dist_tree_depth": 10,
    "dist_tree_nodes": 71,
    "dist_min_importances": [
        0.014303785914604293,
        0.020649435995911812,
        0.0,
        0.0,
        0.09084629225707594,
        0.01089629487531724,
        0.14111075153383998,
        0.012126011089047725,
        0.03410317831378813,
        0.0,
        0.0,
        0.0,
        0.058036640336257064,
        0.0,
        0.27989242999564634,
        0.0035710412022743215,
        0.033712626734757584,
        0.0,
        0.06298455563840283,
        0.0,
        0.01977807435105778,
        0.003045536811304186,
        0.0,
        0.0,
        0.0,
        0.0034336934637253123,
        0.02097505057026773,
        0.012714476368537146,
        0.0007001651217139642,
        0.0,
        0.03039246076701736,
        0.0,
        0.0435293287425602,
        0.0,
        0.0,
        0.0,
        0.004280764374093213,
        0.0,
        0.0,
        0.0,
        0.003131528438917482,
        0.0,
        0.0,
        0.0,
        0.03966153059870046,
        0.004171937558426251,
        0.0,
        0.0,
        0.0,
        0.0,
        0.0,
        0.0,
        0.0,
        0.003571041202274323,
        0.0,
        0.04838136774448136
    ]
}