{
    "num_samples_full": 569,
    "num_samples_train": 426,
    "num_samples_test": 143,
    "train_shape": [
        426,
        30
    ],
    "random_split_shape": [
        213,
        213
    ],
    "num_trees_T0": 20,
    "num_trees_T": 20,
    "num_distances": 20,
    "average_auc": 0.949245283018868,
    "num_pareto_trees": 7,
    "common_feature_freq": [
        [
            [
                "worst concave points",
                30.0
            ],
            [
                "worst area",
                25.0
            ]
        ],
        [
            [
                "worst concave points",
                45.0
            ],
            [
                "worst area",
                15.0
            ]
        ],
        [
            [
                "area error",
                30.0
            ],
            [
                "perimeter error",
                15.0
            ]
        ]
    ],
    "selected_tree_index": 2,
    "selected_tree_distance": 0.040705,
    "selected_tree_auc": 0.9622641509433962,
    "stability_tree_depth": 4,
    "stability_tree_nodes": 11,
    "stability_accuracy_importances": [
        0.0,
        0.0,
        0.0,
        0.0,
        0.0,
        0.0,
        0.0,
        0.0020525954949107143,
        0.0,
        0.0,
        0.0,
        0.0,
        0.0,
        0.005094528561194214,
        0.0,
        0.0,
        0.0,
        0.0,
        0.0012303916627396073,
        0.0,
        0.0,
        0.0,
        0.07786021313037154,
        0.0,
        0.0,
        0.0,
        0.0,
        0.9137622711507839,
        0.0,
        0.0
    ],
    "selected_auc_tree_index": 0,
    "selected_auc_tree_distance": 0.07414499999999999,
    "selected_auc_tree_auc": 0.9718029350104822,
    "auc_tree_depth": 3,
    "auc_tree_nodes": 11,
    "auc_max_importances": [
        0.0,
        0.0,
        0.0,
        0.0003529822695753504,
        0.0,
        0.0,
        0.0,
        0.014056040466569632,
        0.0,
        0.0,
        0.0,
        0.0,
        0.0,
        0.0,
        0.0,
        0.0,
        0.0,
        0.0,
        0.0,
        0.0,
        0.0,
        0.0,
        0.9852713631921405,
        0.0,
        0.0,
        0.0,
        0.0,
        0.0003196140717146697,
        0.0,
        0.0
    ],
    "selected_dist_tree_index": 11,
    "selected_dist_tree_distance": 0.021095,
    "selected_dist_tree_auc": 0.9073375262054508,
    "dist_tree_depth": 6,
    "dist_tree_nodes": 27,
    "dist_min_importances": [
        0.0,
        0.08354642064622057,
        0.0,
        0.0,
        0.0,
        0.0,
        0.0,
        0.0,
        0.0,
        0.0,
        0.0,
        0.0034651472077502415,
        0.013550680949229846,
        0.0,
        0.0,
        0.0,
        0.0,
        0.0,
        0.0,
        0.0,
        0.02320493580123395,
        0.001022041633061362,
        0.003929551810719324,
        0.7203302487957975,
        0.009944972486243122,
        0.0028414207103551812,
        0.04619743861004554,
        0.09196714134934345,
        0.0,
        0.0
    ]
}