{
    "num_samples_full": 586,
    "num_samples_train": 439,
    "num_samples_test": 147,
    "train_shape": [
        439,
        56
    ],
    "random_split_shape": [
        219,
        219
    ],
    "num_trees_T0": 20,
    "num_trees_T": 20,
    "num_distances": 20,
    "average_auc": 0.6317863954227592,
    "num_pareto_trees": 4,
    "common_feature_freq": [
        [
            [
                "cesd_score",
                20.0
            ],
            [
                "harddrug_life",
                15.0
            ]
        ],
        [
            [
                "harddrug_life",
                15.0
            ],
            [
                "exchange",
                15.0
            ]
        ],
        [
            [
                "prop_friends_street_emosup",
                25.0
            ],
            [
                "harddrug_life",
                15.0
            ]
        ]
    ],
    "selected_tree_index": 12,
    "selected_tree_distance": 0.03364,
    "selected_tree_auc": 0.7013668150031785,
    "stability_accuracy_importances": [
        0.0,
        0.0,
        0.0,
        0.0,
        0.199512346709533,
        0.1869780297110741,
        0.04216195983667065,
        0.0,
        0.010326279856459241,
        0.0,
        0.0,
        0.0,
        0.04429364608712369,
        0.0,
        0.0018643043465194251,
        0.0,
        0.0,
        0.0,
        0.0,
        0.0,
        0.08172747961179198,
        0.0,
        0.0,
        0.0,
        0.0,
        0.0,
        0.0,
        0.0,
        0.059977872158226773,
        0.0,
        0.0,
        0.0,
        0.0,
        0.0,
        0.0,
        0.0,
        0.0,
        0.0,
        0.15452451761653643,
        0.0,
        0.11749758227452108,
        0.0,
        0.0,
        0.05169282432082225,
        0.0,
        0.0,
        0.0,
        0.0,
        0.0,
        0.0,
        0.0,
        0.0,
        0.049443157470721345,
        0.0,
        0.0,
        0.0
    ],
    "selected_auc_tree_index": 12,
    "selected_auc_tree_distance": 0.03364,
    "selected_auc_tree_auc": 0.7013668150031785,
    "auc_max_importances": [
        0.0,
        0.0,
        0.0,
        0.0,
        0.199512346709533,
        0.1869780297110741,
        0.04216195983667065,
        0.0,
        0.010326279856459241,
        0.0,
        0.0,
        0.0,
        0.04429364608712369,
        0.0,
        0.0018643043465194251,
        0.0,
        0.0,
        0.0,
        0.0,
        0.0,
        0.08172747961179198,
        0.0,
        0.0,
        0.0,
        0.0,
        0.0,
        0.0,
        0.0,
        0.059977872158226773,
        0.0,
        0.0,
        0.0,
        0.0,
        0.0,
        0.0,
        0.0,
        0.0,
        0.0,
        0.15452451761653643,
        0.0,
        0.11749758227452108,
        0.0,
        0.0,
        0.05169282432082225,
        0.0,
        0.0,
        0.0,
        0.0,
        0.0,
        0.0,
        0.0,
        0.0,
        0.049443157470721345,
        0.0,
        0.0,
        0.0
    ],
    "selected_dist_tree_index": 1,
    "selected_dist_tree_distance": 0.005474999999999999,
    "selected_dist_tree_auc": 0.624284806102988,
    "dist_min_importances": [
        0.0,
        0.0,
        0.0,
        0.0,
        0.04008534650055075,
        0.17377356368391939,
        0.04097063547380317,
        0.0,
        0.0,
        0.0,
        0.0,
        0.0,
        0.09890269033002015,
        0.014421110666420654,
        0.0,
        0.05058481895298323,
        0.0,
        0.004428300649082708,
        0.0,
        0.003805570870305452,
        0.0,
        0.0,
        0.08286206380716278,
        0.0054210411257911845,
        0.0,
        0.0030444566962443626,
        0.0,
        0.0,
        0.0,
        0.0021712766315239557,
        0.06887901803430159,
        0.0,
        0.0,
        0.0,
        0.0,
        0.0,
        0.0,
        0.01573035621092186,
        0.0,
        0.05753064311849865,
        0.014106441886670684,
        0.004871130713990981,
        0.007552368445316632,
        0.05903513785986662,
        0.0791973465774725,
        0.003805570870305452,
        0.05186291862670519,
        0.0,
        0.0,
        0.0,
        0.005074094493740607,
        0.0,
        0.0,
        0.0,
        0.11188409777440149,
        0.0
    ]
}