{
    "num_samples_full": 569,
    "num_samples_train": 426,
    "num_samples_test": 143,
    "train_shape": [
        426,
        30
    ],
    "random_split_shape": [
        213,
        213
    ],
    "num_trees_T0": 20,
    "num_trees_T": 20,
    "num_distances": 20,
    "average_auc": 0.9388259958071279,
    "num_pareto_trees": 6,
    "common_feature_freq": [
        [
            [
                "worst concave points",
                55.00000000000001
            ],
            [
                "worst perimeter",
                40.0
            ]
        ],
        [
            [
                "worst area",
                25.0
            ],
            [
                "worst concave points",
                15.0
            ]
        ],
        [
            [
                "area error",
                25.0
            ],
            [
                "perimeter error",
                15.0
            ]
        ]
    ],
    "selected_tree_index": 13,
    "selected_tree_distance": 0.08068,
    "selected_tree_auc": 0.9714884696016772,
    "stability_tree_depth": 3,
    "stability_tree_nodes": 9,
    "stability_accuracy_importances": [
        0.002523438184526427,
        0.0033679354255631015,
        0.0,
        0.0,
        0.0,
        0.0,
        0.0,
        0.0,
        0.0,
        0.0,
        0.0,
        0.0,
        0.0,
        0.057547911252745346,
        0.0,
        0.0,
        0.0,
        0.0,
        0.0,
        0.0,
        0.0,
        0.0,
        0.0,
        0.0,
        0.0,
        0.0,
        0.0,
        0.9365607151371651,
        0.0,
        0.0
    ],
    "selected_auc_tree_index": 13,
    "selected_auc_tree_distance": 0.08068,
    "selected_auc_tree_auc": 0.9714884696016772,
    "auc_tree_depth": 3,
    "auc_tree_nodes": 9,
    "auc_max_importances": [
        0.002523438184526427,
        0.0033679354255631015,
        0.0,
        0.0,
        0.0,
        0.0,
        0.0,
        0.0,
        0.0,
        0.0,
        0.0,
        0.0,
        0.0,
        0.057547911252745346,
        0.0,
        0.0,
        0.0,
        0.0,
        0.0,
        0.0,
        0.0,
        0.0,
        0.0,
        0.0,
        0.0,
        0.0,
        0.0,
        0.9365607151371651,
        0.0,
        0.0
    ],
    "selected_dist_tree_index": 18,
    "selected_dist_tree_distance": 0.016059999999999998,
    "selected_dist_tree_auc": 0.919496855345912,
    "dist_tree_depth": 6,
    "dist_tree_nodes": 23,
    "dist_min_importances": [
        0.0,
        0.0,
        0.0,
        0.0,
        0.0,
        0.0,
        0.0,
        0.0,
        0.0,
        0.0,
        0.0,
        0.0,
        0.0,
        0.008036134308139061,
        0.0,
        0.0,
        0.030497517918436388,
        0.0,
        0.003389752070025869,
        0.0,
        0.0,
        0.025352254988255416,
        0.0024610661318675902,
        0.07242935860758784,
        0.02712195328996933,
        0.0,
        0.003437679676259518,
        0.8272742830094589,
        0.0,
        0.0
    ]
}