{
    "num_samples_full": 587,
    "num_samples_train": 627,
    "num_samples_test": 209,
    "train_shape": [
        627,
        56
    ],
    "random_split_shape": [
        313,
        313
    ],
    "num_trees_T0": 20,
    "num_trees_T": 20,
    "num_distances": 20,
    "average_auc": 0.865662122687439,
    "num_pareto_trees": 3,
    "common_feature_freq": [
        [
            [
                "fight",
                45.0
            ],
            [
                "fighthurt",
                35.0
            ]
        ],
        [
            [
                "cesd_score",
                35.0
            ],
            [
                "trauma_sum",
                20.0
            ]
        ],
        [
            [
                "gettherapy",
                25.0
            ],
            [
                "homelage",
                10.0
            ]
        ]
    ],
    "selected_tree_index": 9,
    "selected_tree_distance": 0.00963,
    "selected_tree_auc": 0.905014605647517,
    "stability_tree_depth": 8,
    "stability_tree_nodes": 47,
    "stability_accuracy_importances": [
        0.019884526278066104,
        0.0,
        0.04043638897730498,
        0.0,
        0.14385110528823217,
        0.0,
        0.0007568504811720371,
        0.0,
        0.0,
        0.0,
        0.0,
        0.004541102887032398,
        0.0,
        0.0,
        0.012991078480278922,
        0.0,
        0.3195572994198723,
        0.07236245310924662,
        0.0,
        0.0,
        0.0,
        0.0,
        0.16307927799997435,
        0.0,
        0.0,
        0.0,
        0.0,
        0.029012601778262537,
        0.0,
        0.0011204026839318519,
        0.014778136106163511,
        0.016604230889891467,
        0.0,
        0.0,
        0.0,
        0.0,
        0.0,
        0.0,
        0.03238621827543364,
        0.0,
        0.0,
        0.0024166103083038005,
        0.03992603239590028,
        0.0,
        0.0,
        0.0,
        0.0,
        0.0,
        0.0,
        0.0,
        0.0,
        0.0,
        0.03840211485682387,
        0.047273629247701884,
        0.0,
        0.000619940536407202
    ],
    "selected_auc_tree_index": 9,
    "selected_auc_tree_distance": 0.00963,
    "selected_auc_tree_auc": 0.905014605647517,
    "auc_tree_depth": 8,
    "auc_tree_nodes": 47,
    "auc_max_importances": [
        0.019884526278066104,
        0.0,
        0.04043638897730498,
        0.0,
        0.14385110528823217,
        0.0,
        0.0007568504811720371,
        0.0,
        0.0,
        0.0,
        0.0,
        0.004541102887032398,
        0.0,
        0.0,
        0.012991078480278922,
        0.0,
        0.3195572994198723,
        0.07236245310924662,
        0.0,
        0.0,
        0.0,
        0.0,
        0.16307927799997435,
        0.0,
        0.0,
        0.0,
        0.0,
        0.029012601778262537,
        0.0,
        0.0011204026839318519,
        0.014778136106163511,
        0.016604230889891467,
        0.0,
        0.0,
        0.0,
        0.0,
        0.0,
        0.0,
        0.03238621827543364,
        0.0,
        0.0,
        0.0024166103083038005,
        0.03992603239590028,
        0.0,
        0.0,
        0.0,
        0.0,
        0.0,
        0.0,
        0.0,
        0.0,
        0.0,
        0.03840211485682387,
        0.047273629247701884,
        0.0,
        0.000619940536407202
    ],
    "selected_dist_tree_index": 15,
    "selected_dist_tree_distance": 0.004915000000000001,
    "selected_dist_tree_auc": 0.8600778967867575,
    "dist_tree_depth": 9,
    "dist_tree_nodes": 61,
    "dist_min_importances": [
        0.0,
        0.0,
        0.008026979671121905,
        0.0,
        0.07675457928832592,
        0.0,
        0.013423391349392647,
        0.0,
        0.0,
        0.0,
        0.0,
        0.0,
        0.0,
        0.0,
        0.0,
        0.37485607620382866,
        0.0,
        0.0,
        0.17163874845111385,
        0.0,
        0.0,
        0.0,
        0.07241583846251613,
        0.040478779417338885,
        0.0007566182113814442,
        0.0,
        0.01472953508731,
        0.0,
        0.0,
        0.02594119581879226,
        0.0,
        0.012713184532345703,
        0.03971211605769323,
        0.0,
        0.0,
        0.0,
        0.0,
        0.0,
        0.0,
        0.0,
        0.0,
        0.0,
        0.0,
        0.022698546341443228,
        0.0,
        0.005768406097608905,
        0.0,
        0.0,
        0.0,
        0.0034962824562703738,
        0.0,
        0.0,
        0.04008982984724541,
        0.0,
        0.05280273255874014,
        0.02369716014753124
    ]
}