{
    "num_samples_full": 569,
    "num_samples_train": 535,
    "num_samples_test": 179,
    "train_shape": [
        535,
        30
    ],
    "random_split_shape": [
        267,
        267
    ],
    "num_trees_T0": 20,
    "num_trees_T": 20,
    "num_distances": 20,
    "average_auc": 0.957025593008739,
    "num_pareto_trees": 4,
    "common_feature_freq": [
        [
            [
                "worst perimeter",
                60.0
            ],
            [
                "mean concave points",
                15.0
            ]
        ],
        [
            [
                "mean concave points",
                25.0
            ],
            [
                "worst smoothness",
                20.0
            ]
        ],
        [
            [
                "mean texture",
                15.0
            ],
            [
                "area error",
                15.0
            ]
        ]
    ],
    "selected_tree_index": 8,
    "selected_tree_distance": 0.041365,
    "selected_tree_auc": 0.981772784019975,
    "stability_tree_depth": 4,
    "stability_tree_nodes": 13,
    "stability_accuracy_importances": [
        0.0,
        0.03063733743139448,
        0.0,
        0.0,
        0.0,
        0.0,
        0.0,
        0.8315998132439127,
        0.0,
        0.0,
        0.0,
        0.0,
        0.02972395293399019,
        0.0,
        0.0,
        0.0,
        0.0,
        0.0,
        0.0,
        0.0,
        0.10317181469145473,
        0.004867081699247825,
        0.0,
        0.0,
        0.0,
        0.0,
        0.0,
        0.0,
        0.0,
        0.0
    ],
    "selected_auc_tree_index": 8,
    "selected_auc_tree_distance": 0.041365,
    "selected_auc_tree_auc": 0.981772784019975,
    "auc_tree_depth": 4,
    "auc_tree_nodes": 13,
    "auc_max_importances": [
        0.0,
        0.03063733743139448,
        0.0,
        0.0,
        0.0,
        0.0,
        0.0,
        0.8315998132439127,
        0.0,
        0.0,
        0.0,
        0.0,
        0.02972395293399019,
        0.0,
        0.0,
        0.0,
        0.0,
        0.0,
        0.0,
        0.0,
        0.10317181469145473,
        0.004867081699247825,
        0.0,
        0.0,
        0.0,
        0.0,
        0.0,
        0.0,
        0.0,
        0.0
    ],
    "selected_dist_tree_index": 17,
    "selected_dist_tree_distance": 0.019319999999999997,
    "selected_dist_tree_auc": 0.9589887640449439,
    "dist_tree_depth": 6,
    "dist_tree_nodes": 27,
    "dist_min_importances": [
        0.06334929422962307,
        0.03456158628867128,
        0.0,
        0.0,
        0.0,
        0.0,
        0.0,
        0.09251822959464512,
        0.0,
        0.0,
        0.0,
        0.0,
        0.0014685627927111845,
        0.0010435333845347408,
        0.0,
        0.0,
        0.0,
        0.012522400614416854,
        0.0,
        0.0,
        0.0,
        0.06693243056055131,
        0.6816891788954207,
        0.0,
        0.0008538000418920597,
        0.04506098359753379,
        0.0,
        0.0,
        0.0,
        0.0
    ]
}