{
    "num_samples_full": 569,
    "num_samples_train": 535,
    "num_samples_test": 179,
    "train_shape": [
        535,
        30
    ],
    "random_split_shape": [
        267,
        267
    ],
    "num_trees_T0": 20,
    "num_trees_T": 20,
    "num_distances": 20,
    "average_auc": 0.947743445692884,
    "num_pareto_trees": 2,
    "common_feature_freq": [
        [
            [
                "worst perimeter",
                75.0
            ],
            [
                "worst area",
                10.0
            ]
        ],
        [
            [
                "mean concave points",
                25.0
            ],
            [
                "worst concave points",
                20.0
            ]
        ],
        [
            [
                "worst texture",
                20.0
            ],
            [
                "area error",
                15.0
            ]
        ]
    ],
    "selected_tree_index": 6,
    "selected_tree_distance": 0.022300000000000004,
    "selected_tree_auc": 0.9634831460674159,
    "stability_tree_depth": 6,
    "stability_tree_nodes": 25,
    "stability_accuracy_importances": [
        0.021949038918237386,
        0.0,
        0.0,
        0.0,
        0.0,
        0.0,
        0.0,
        0.6376150186555245,
        0.0,
        0.0,
        0.0442203491632048,
        0.0,
        0.0,
        0.0,
        0.0,
        0.0,
        0.0,
        0.0,
        0.0,
        0.0009921161564605098,
        0.12161418246176513,
        0.11014941321402986,
        0.0,
        0.05856649479583071,
        0.0,
        0.0,
        0.0,
        0.00489338663494705,
        0.0,
        0.0
    ],
    "selected_auc_tree_index": 6,
    "selected_auc_tree_distance": 0.022300000000000004,
    "selected_auc_tree_auc": 0.9634831460674159,
    "auc_tree_depth": 6,
    "auc_tree_nodes": 25,
    "auc_max_importances": [
        0.021949038918237386,
        0.0,
        0.0,
        0.0,
        0.0,
        0.0,
        0.0,
        0.6376150186555245,
        0.0,
        0.0,
        0.0442203491632048,
        0.0,
        0.0,
        0.0,
        0.0,
        0.0,
        0.0,
        0.0,
        0.0,
        0.0009921161564605098,
        0.12161418246176513,
        0.11014941321402986,
        0.0,
        0.05856649479583071,
        0.0,
        0.0,
        0.0,
        0.00489338663494705,
        0.0,
        0.0
    ],
    "selected_dist_tree_index": 7,
    "selected_dist_tree_distance": 0.019975,
    "selected_dist_tree_auc": 0.9533083645443196,
    "dist_tree_depth": 6,
    "dist_tree_nodes": 25,
    "dist_min_importances": [
        0.0,
        0.0,
        0.0,
        0.0,
        0.0,
        0.0,
        0.0037684654540435267,
        0.0351801647446335,
        0.0,
        0.0,
        0.0,
        0.0,
        0.08069898140173927,
        0.0,
        0.0,
        0.0,
        0.0,
        0.05973016070231963,
        0.0,
        0.0,
        0.0,
        0.013695601504761637,
        0.7116242526088541,
        0.0,
        0.0,
        0.0,
        0.0,
        0.09530237358364822,
        0.0,
        0.0
    ]
}