{
    "num_samples_full": 569,
    "num_samples_train": 535,
    "num_samples_test": 179,
    "train_shape": [
        535,
        30
    ],
    "random_split_shape": [
        267,
        267
    ],
    "num_trees_T0": 20,
    "num_trees_T": 20,
    "num_distances": 20,
    "average_auc": 0.9586048689138575,
    "num_pareto_trees": 5,
    "common_feature_freq": [
        [
            [
                "mean concave points",
                40.0
            ],
            [
                "worst perimeter",
                35.0
            ]
        ],
        [
            [
                "worst radius",
                20.0
            ],
            [
                "mean concave points",
                15.0
            ]
        ],
        [
            [
                "area error",
                40.0
            ],
            [
                "symmetry error",
                10.0
            ]
        ]
    ],
    "selected_tree_index": 12,
    "selected_tree_distance": 0.010875000000000001,
    "selected_tree_auc": 0.969538077403246,
    "stability_tree_depth": 7,
    "stability_tree_nodes": 31,
    "stability_accuracy_importances": [
        0.0,
        0.0,
        0.0,
        0.0,
        0.0,
        0.005190338693853692,
        0.08997284840830388,
        0.0024931837445212345,
        0.0,
        0.0,
        0.0,
        0.0,
        0.0363341907513286,
        0.010405295765502209,
        0.0,
        0.005190338693853692,
        0.0,
        0.0,
        0.00256056708896784,
        0.0,
        0.022912613576156763,
        0.05163305369906699,
        0.7154106014462334,
        0.0,
        0.0,
        0.0,
        0.0,
        0.05789696813221165,
        0.0,
        0.0
    ],
    "selected_auc_tree_index": 18,
    "selected_auc_tree_distance": 0.06268499999999998,
    "selected_auc_tree_auc": 0.9731585518102371,
    "auc_tree_depth": 4,
    "auc_tree_nodes": 13,
    "auc_max_importances": [
        0.0,
        0.004319765348304983,
        0.0,
        0.0,
        0.0,
        0.0,
        0.0,
        0.12040606021733322,
        0.0,
        0.0,
        0.0,
        0.0,
        0.0,
        0.0,
        0.0,
        0.0,
        0.0,
        0.004457989398287335,
        0.002463441551329912,
        0.0,
        0.0,
        0.0,
        0.8683527434847446,
        0.0,
        0.0,
        0.0,
        0.0,
        0.0,
        0.0,
        0.0
    ],
    "selected_dist_tree_index": 3,
    "selected_dist_tree_distance": 0.010524999999999998,
    "selected_dist_tree_auc": 0.9245318352059924,
    "dist_tree_depth": 7,
    "dist_tree_nodes": 31,
    "dist_min_importances": [
        0.0,
        0.0,
        0.0,
        0.0,
        0.0,
        0.0,
        0.0,
        0.7385200199672917,
        0.0,
        0.0,
        0.0,
        0.0,
        0.0023887318194067775,
        0.02848097561549678,
        0.0,
        0.0,
        0.0,
        0.024679499664789346,
        0.0,
        0.02154785188506881,
        0.0786524377306644,
        0.047561606381766,
        0.0,
        0.0,
        0.0,
        0.0,
        0.054530964041938995,
        0.0036379128935770506,
        0.0,
        0.0
    ]
}