{
    "num_samples_full": 586,
    "num_samples_train": 726,
    "num_samples_test": 242,
    "train_shape": [
        726,
        56
    ],
    "random_split_shape": [
        363,
        363
    ],
    "num_trees_T0": 20,
    "num_trees_T": 20,
    "num_distances": 20,
    "average_auc": 0.8556433986749538,
    "num_pareto_trees": 5,
    "common_feature_freq": [
        [
            [
                "trauma_sum",
                85.0
            ],
            [
                "fight",
                10.0
            ]
        ],
        [
            [
                "harddrug_life",
                35.0
            ],
            [
                "exchange",
                25.0
            ]
        ],
        [
            [
                "LEAF_NODE",
                15.0
            ],
            [
                "prop_enc_goodbehave",
                15.0
            ]
        ]
    ],
    "selected_tree_index": 11,
    "selected_tree_distance": 0.015629999999999998,
    "selected_tree_auc": 0.8900348336862236,
    "stability_tree_depth": 6,
    "stability_tree_nodes": 19,
    "stability_accuracy_importances": [
        0.0,
        0.0,
        0.0,
        0.0,
        0.5507380368714347,
        0.023558429480335406,
        0.31205548219299123,
        0.0,
        0.0,
        0.0,
        0.0,
        0.048311742712755096,
        0.0,
        0.0,
        0.0,
        0.05479931774566376,
        0.007243740625047089,
        0.0,
        0.0,
        0.0,
        0.0,
        0.0,
        0.0,
        0.0,
        0.0,
        0.0,
        0.0,
        0.0,
        0.0,
        0.0,
        0.0,
        0.0,
        0.0,
        0.0,
        0.0,
        0.0,
        0.0,
        0.0,
        0.0,
        0.0,
        0.0,
        0.0,
        0.0,
        0.0,
        0.0,
        0.0,
        0.0,
        0.0,
        0.0,
        0.0,
        0.0,
        0.0,
        0.0032932503717724875,
        0.0,
        0.0,
        0.0
    ],
    "selected_auc_tree_index": 8,
    "selected_auc_tree_distance": 0.076985,
    "selected_auc_tree_auc": 0.892118024725087,
    "auc_tree_depth": 3,
    "auc_tree_nodes": 15,
    "auc_max_importances": [
        0.0,
        0.0,
        0.0,
        0.0,
        0.0,
        0.07672985267318613,
        0.16278171832822913,
        0.0,
        0.0,
        0.0,
        0.0,
        0.0,
        0.0,
        0.0,
        0.0,
        0.5210275447168156,
        0.0,
        0.03381873647191255,
        0.13567618749401827,
        0.0,
        0.0,
        0.0,
        0.0,
        0.0,
        0.0,
        0.0006121174895211712,
        0.0,
        0.0,
        0.0,
        0.0,
        0.0,
        0.0,
        0.06935384282631715,
        0.0,
        0.0,
        0.0,
        0.0,
        0.0,
        0.0,
        0.0,
        0.0,
        0.0,
        0.0,
        0.0,
        0.0,
        0.0,
        0.0,
        0.0,
        0.0,
        0.0,
        0.0,
        0.0,
        0.0,
        0.0,
        0.0,
        0.0
    ],
    "selected_dist_tree_index": 14,
    "selected_dist_tree_distance": 0.0028,
    "selected_dist_tree_auc": 0.8483027115634177,
    "dist_tree_depth": 10,
    "dist_tree_nodes": 79,
    "dist_min_importances": [
        0.0008514243276156297,
        0.0,
        0.0015381480588555975,
        0.0,
        0.24869509875173987,
        0.02107060204705343,
        0.12383466847544836,
        0.0,
        0.0,
        0.0,
        0.0,
        0.0,
        0.0,
        0.0,
        0.13553983270682457,
        0.010073643977249674,
        0.010646198929037523,
        0.011558730265812169,
        0.0014954691449029106,
        0.0010449298566191816,
        0.013209977446642483,
        0.0,
        0.0,
        0.10110243785368195,
        0.0,
        0.0009569727979812063,
        0.025594750827051926,
        0.028640141407253922,
        0.0,
        0.0,
        0.0369260608475922,
        0.0,
        0.0,
        0.0,
        0.002046407204511237,
        0.0,
        0.0,
        0.03521841960585039,
        0.0,
        0.0,
        0.008212782030971807,
        0.0,
        0.0,
        0.0,
        0.0,
        0.0,
        0.08372305183262058,
        0.0,
        0.0,
        0.010199054090034784,
        0.02417444018308989,
        0.0,
        0.02737401853649206,
        0.003800884492495718,
        0.03247185430257094,
        0.0
    ]
}