{
    "num_samples_full": 569,
    "num_samples_train": 426,
    "num_samples_test": 143,
    "train_shape": [
        426,
        30
    ],
    "random_split_shape": [
        213,
        213
    ],
    "num_trees_T0": 20,
    "num_trees_T": 20,
    "num_distances": 20,
    "average_auc": 0.9413417190775683,
    "num_pareto_trees": 3,
    "common_feature_freq": [
        [
            [
                "worst perimeter",
                60.0
            ],
            [
                "worst area",
                25.0
            ]
        ],
        [
            [
                "worst concave points",
                65.0
            ],
            [
                "mean concave points",
                25.0
            ]
        ],
        [
            [
                "area error",
                25.0
            ],
            [
                "LEAF_NODE",
                15.0
            ]
        ]
    ],
    "selected_tree_index": 11,
    "selected_tree_distance": 0.058660000000000004,
    "selected_tree_auc": 0.9724318658280924,
    "stability_tree_depth": 4,
    "stability_tree_nodes": 15,
    "stability_accuracy_importances": [
        0.0,
        0.0,
        0.0,
        0.0,
        0.0,
        0.0,
        0.0,
        0.0,
        0.0,
        0.0,
        0.0,
        0.0,
        0.0,
        0.004233435914819105,
        0.0,
        0.0,
        0.0,
        0.0,
        0.0025732649678312067,
        0.0,
        0.03054805760641575,
        0.06557736874510134,
        0.7682933877634401,
        0.0,
        0.0,
        0.0,
        0.0,
        0.1287744850023925,
        0.0,
        0.0
    ],
    "selected_auc_tree_index": 11,
    "selected_auc_tree_distance": 0.058660000000000004,
    "selected_auc_tree_auc": 0.9724318658280924,
    "auc_tree_depth": 4,
    "auc_tree_nodes": 15,
    "auc_max_importances": [
        0.0,
        0.0,
        0.0,
        0.0,
        0.0,
        0.0,
        0.0,
        0.0,
        0.0,
        0.0,
        0.0,
        0.0,
        0.0,
        0.004233435914819105,
        0.0,
        0.0,
        0.0,
        0.0,
        0.0025732649678312067,
        0.0,
        0.03054805760641575,
        0.06557736874510134,
        0.7682933877634401,
        0.0,
        0.0,
        0.0,
        0.0,
        0.1287744850023925,
        0.0,
        0.0
    ],
    "selected_dist_tree_index": 16,
    "selected_dist_tree_distance": 0.025450000000000007,
    "selected_dist_tree_auc": 0.9177148846960169,
    "dist_tree_depth": 5,
    "dist_tree_nodes": 15,
    "dist_min_importances": [
        0.0,
        0.0,
        0.0,
        0.0,
        0.0,
        0.0034611421637894954,
        0.0,
        0.0027238574425088617,
        0.0,
        0.0,
        0.019121479246412235,
        0.0,
        0.0,
        0.01799594243891842,
        0.0,
        0.0,
        0.0,
        0.0,
        0.0,
        0.0,
        0.0,
        0.0,
        0.0,
        0.8485564706522223,
        0.0,
        0.0,
        0.0,
        0.10814110805614877,
        0.0,
        0.0
    ]
}