{
    "num_samples_full": 586,
    "num_samples_train": 439,
    "num_samples_test": 147,
    "train_shape": [
        439,
        56
    ],
    "random_split_shape": [
        219,
        219
    ],
    "num_trees_T0": 20,
    "num_trees_T": 20,
    "num_distances": 20,
    "average_auc": 0.6384376986649714,
    "num_pareto_trees": 4,
    "common_feature_freq": [
        [
            [
                "exchange",
                45.0
            ],
            [
                "trauma_sum",
                40.0
            ]
        ],
        [
            [
                "harddrug_life",
                30.0
            ],
            [
                "cesd_score",
                20.0
            ]
        ],
        [
            [
                "prop_object_badbehave",
                20.0
            ],
            [
                "LEAF_NODE",
                20.0
            ]
        ]
    ],
    "selected_tree_index": 18,
    "selected_tree_distance": 0.016565000000000003,
    "selected_tree_auc": 0.7436427209154481,
    "stability_tree_depth": 7,
    "stability_tree_nodes": 41,
    "stability_accuracy_importances": [
        0.0,
        0.0,
        0.0,
        0.0,
        0.19887971058132728,
        0.11318726443818682,
        0.03774130112665878,
        0.0,
        0.0,
        0.0,
        0.0,
        0.0,
        0.0,
        0.0,
        0.0,
        0.0,
        0.03749710576118759,
        0.0,
        0.0,
        0.0,
        0.0,
        0.0,
        0.0,
        0.007187553898603599,
        0.0,
        0.0,
        0.0,
        0.0,
        0.0,
        0.0,
        0.0,
        0.0,
        0.0,
        0.12740955906751406,
        0.0,
        0.0,
        0.0,
        0.0,
        0.03885681184147355,
        0.014355464252914354,
        0.030257943295073336,
        0.03374972966942801,
        0.0,
        0.13598997973838833,
        0.04349404453037372,
        0.0,
        0.0,
        0.0,
        0.0,
        0.0,
        0.0,
        0.0,
        0.12667018845546202,
        0.054723343343408636,
        0.0,
        0.0
    ],
    "selected_auc_tree_index": 6,
    "selected_auc_tree_distance": 0.04435499999999999,
    "selected_auc_tree_auc": 0.7511125238397967,
    "auc_tree_depth": 4,
    "auc_tree_nodes": 17,
    "auc_max_importances": [
        0.17087328441171576,
        0.0,
        0.0,
        0.0,
        0.28852307644326913,
        0.19032399081519732,
        0.040075148577561545,
        0.0,
        0.0,
        0.0,
        0.0,
        0.0,
        0.0,
        0.0,
        0.0,
        0.0,
        0.0,
        0.0,
        0.0,
        0.0,
        0.0,
        0.0,
        0.018550273333389145,
        0.0,
        0.0,
        0.0,
        0.0,
        0.0,
        0.0,
        0.0,
        0.0,
        0.0,
        0.0,
        0.0,
        0.0,
        0.0,
        0.0,
        0.0,
        0.0,
        0.0,
        0.0,
        0.0,
        0.045739477916633936,
        0.2072088327374379,
        0.0,
        0.0,
        0.0,
        0.0,
        0.0,
        0.0,
        0.0,
        0.0,
        0.03870591576479515,
        0.0,
        0.0,
        0.0
    ],
    "selected_dist_tree_index": 3,
    "selected_dist_tree_distance": 0.008915,
    "selected_dist_tree_auc": 0.6088684043229498,
    "dist_tree_depth": 8,
    "dist_tree_nodes": 43,
    "dist_min_importances": [
        0.0,
        0.0,
        0.0,
        0.0,
        0.054476805526735256,
        0.0031124716199019123,
        0.13264221593726247,
        0.0,
        0.0,
        0.0,
        0.0,
        0.0,
        0.1858131358651257,
        0.0,
        0.0,
        0.0,
        0.0632231417105544,
        0.0,
        0.0,
        0.0,
        0.0,
        0.0,
        0.09813210578287045,
        0.0,
        0.0,
        0.07645905339895065,
        0.0,
        0.0,
        0.028409999698667265,
        0.0037353296566044283,
        0.0,
        0.042952405092007026,
        0.0,
        0.0,
        0.0,
        0.0,
        0.0,
        0.0,
        0.0,
        0.0,
        0.11210888906425392,
        0.0,
        0.0,
        0.0,
        0.0,
        0.00210192888616752,
        0.10353955123485814,
        0.0,
        0.0,
        0.0,
        0.0,
        0.0,
        0.04311671273297935,
        0.0,
        0.0,
        0.05017625379306136
    ]
}