{
    "num_samples_full": 586,
    "num_samples_train": 439,
    "num_samples_test": 147,
    "train_shape": [
        439,
        56
    ],
    "random_split_shape": [
        219,
        219
    ],
    "num_trees_T0": 20,
    "num_trees_T": 20,
    "num_distances": 20,
    "average_auc": 0.5981881754609027,
    "num_pareto_trees": 4,
    "common_feature_freq": [
        [
            [
                6,
                30.0
            ],
            [
                4,
                25.0
            ]
        ],
        [
            [
                6,
                25.0
            ],
            [
                44,
                15.0
            ]
        ],
        [
            [
                24,
                10.0
            ],
            [
                18,
                10.0
            ]
        ]
    ],
    "selected_tree_index": 2,
    "selected_tree_distance": 0.042409999999999996,
    "selected_tree_auc": 0.7169421487603306,
    "std_gini_importance": 0.0710514174878555
}