{
    "num_samples_full": 586,
    "num_samples_train": 439,
    "num_samples_test": 147,
    "train_shape": [
        439,
        56
    ],
    "random_split_shape": [
        219,
        219
    ],
    "num_trees_T0": 20,
    "num_trees_T": 20,
    "num_distances": 20,
    "average_auc": 0.6346153846153846,
    "num_pareto_trees": 6,
    "common_feature_freq": [
        [
            [
                "trauma_sum",
                30.0
            ],
            [
                "harddrug_life",
                20.0
            ]
        ],
        [
            [
                "harddrug_life",
                30.0
            ],
            [
                "trauma_sum",
                10.0
            ]
        ],
        [
            [
                "trauma_sum",
                10.0
            ],
            [
                "LEAF_NODE",
                10.0
            ]
        ]
    ],
    "selected_tree_index": 11,
    "selected_tree_distance": 0.05720000000000001,
    "selected_tree_auc": 0.7337889383343928,
    "stability_tree_depth": 3,
    "stability_tree_nodes": 11,
    "stability_accuracy_importances": [
        0.0,
        0.0,
        0.0,
        0.0,
        0.47293888841407256,
        0.3458142893447849,
        0.03235621168374065,
        0.0,
        0.0,
        0.0,
        0.0,
        0.0,
        0.0,
        0.0,
        0.0,
        0.0,
        0.0,
        0.0,
        0.09420123237787709,
        0.0,
        0.0,
        0.0,
        0.0,
        0.05468937817952473,
        0.0,
        0.0,
        0.0,
        0.0,
        0.0,
        0.0,
        0.0,
        0.0,
        0.0,
        0.0,
        0.0,
        0.0,
        0.0,
        0.0,
        0.0,
        0.0,
        0.0,
        0.0,
        0.0,
        0.0,
        0.0,
        0.0,
        0.0,
        0.0,
        0.0,
        0.0,
        0.0,
        0.0,
        0.0,
        0.0,
        0.0,
        0.0
    ],
    "selected_auc_tree_index": 14,
    "selected_auc_tree_distance": 0.06256500000000001,
    "selected_auc_tree_auc": 0.7390336935791482,
    "auc_tree_depth": 3,
    "auc_tree_nodes": 13,
    "auc_max_importances": [
        0.0,
        0.0,
        0.0,
        0.0,
        0.42026423712511135,
        0.3632675813842832,
        0.16436611413820787,
        0.0,
        0.0,
        0.0,
        0.0,
        0.0,
        0.0,
        0.0,
        0.0,
        0.0,
        0.0,
        0.0,
        0.0,
        0.027202485003601486,
        0.0,
        0.0,
        0.0,
        0.0,
        0.0,
        0.0,
        0.0,
        0.0,
        0.0,
        0.0,
        0.0,
        0.0,
        0.0,
        0.0,
        0.0,
        0.0,
        0.0,
        0.0,
        0.0,
        0.0,
        0.0,
        0.0,
        0.0,
        0.0,
        0.0,
        0.0,
        0.0,
        0.0,
        0.0,
        0.0,
        0.0,
        0.0,
        0.0,
        0.02489958234879603,
        0.0,
        0.0
    ],
    "selected_dist_tree_index": 13,
    "selected_dist_tree_distance": 0.006315000000000001,
    "selected_dist_tree_auc": 0.5522886204704387,
    "dist_tree_depth": 9,
    "dist_tree_nodes": 65,
    "dist_min_importances": [
        0.0,
        0.0,
        0.0034690959291608157,
        0.0,
        0.039375775445959035,
        0.0,
        0.08292533193728904,
        0.0,
        0.0,
        0.0,
        0.0,
        0.0,
        0.0,
        0.0,
        0.0,
        0.05141892405583031,
        0.054868412643576454,
        0.0,
        0.0,
        0.0,
        0.06306953167187195,
        0.0,
        0.17713625727844806,
        0.0,
        0.0,
        0.029107007752488458,
        0.06342341371998433,
        0.0,
        0.0032126847153672,
        0.0,
        0.0,
        0.0010136042311858584,
        0.030577710720407266,
        0.0,
        0.00606302467117024,
        0.04887020400360146,
        0.0,
        0.0,
        0.002964792376218496,
        0.0,
        0.0,
        0.01128901712483194,
        0.0,
        0.0,
        0.049276597820479606,
        0.0,
        0.0,
        0.013304613100103198,
        0.0034636757087552566,
        0.20659375755532194,
        0.03548360106379142,
        0.0,
        0.0,
        0.0,
        0.023092966474157612,
        0.0
    ]
}