{
    "num_samples_full": 569,
    "num_samples_train": 426,
    "num_samples_test": 143,
    "train_shape": [
        426,
        30
    ],
    "random_split_shape": [
        213,
        213
    ],
    "num_trees_T0": 20,
    "num_trees_T": 20,
    "num_distances": 20,
    "average_auc": 0.9512159329140462,
    "num_pareto_trees": 4,
    "common_feature_freq": [
        [
            [
                "worst concave points",
                35.0
            ],
            [
                "mean concave points",
                35.0
            ]
        ],
        [
            [
                "worst area",
                50.0
            ],
            [
                "worst concave points",
                25.0
            ]
        ],
        [
            [
                "worst concave points",
                10.0
            ],
            [
                "worst area",
                10.0
            ]
        ]
    ],
    "selected_tree_index": 19,
    "selected_tree_distance": 0.028519999999999997,
    "selected_tree_auc": 0.9810272536687632,
    "stability_tree_depth": 5,
    "stability_tree_nodes": 17,
    "stability_accuracy_importances": [
        0.0,
        0.04257017637430652,
        0.0,
        0.0,
        0.0,
        0.0,
        0.0,
        0.7655201349852071,
        0.0,
        0.0,
        0.0,
        0.0,
        0.0,
        0.04661629803184768,
        0.0,
        0.0,
        0.0,
        0.0,
        0.0,
        0.0,
        0.009591746832083314,
        0.0005528661213539412,
        0.0,
        0.017531422240993605,
        0.0,
        0.0,
        0.1176173554142078,
        0.0,
        0.0,
        0.0
    ],
    "selected_auc_tree_index": 14,
    "selected_auc_tree_distance": 0.10223,
    "selected_auc_tree_auc": 0.9898322851153041,
    "auc_tree_depth": 3,
    "auc_tree_nodes": 13,
    "auc_max_importances": [
        0.0,
        0.0,
        0.0,
        0.0,
        0.0,
        0.0,
        0.04988849552820201,
        0.0,
        0.0,
        0.0,
        0.0,
        0.0,
        0.0,
        0.0,
        0.0,
        0.0,
        0.0,
        0.030766288553928114,
        0.0,
        0.0,
        0.0,
        0.0,
        0.8650413667315374,
        0.0198780081637985,
        0.0,
        0.0,
        0.0,
        0.024779327632187823,
        0.009646513390346154,
        0.0
    ],
    "selected_dist_tree_index": 9,
    "selected_dist_tree_distance": 0.008159999999999999,
    "selected_dist_tree_auc": 0.9303983228511532,
    "dist_tree_depth": 7,
    "dist_tree_nodes": 23,
    "dist_min_importances": [
        0.0,
        0.09230640315921462,
        0.0,
        0.0,
        0.0,
        0.0,
        0.0,
        0.7840623016677372,
        0.0,
        0.0016626323080639587,
        0.0,
        0.0,
        0.0,
        0.0018860000022210854,
        0.0019676450239621253,
        0.0,
        0.0,
        0.0,
        0.0,
        0.0,
        0.0,
        0.008510843531266054,
        0.0,
        0.0671234600599073,
        0.017478724652681004,
        0.0,
        0.0,
        0.0,
        0.02500198959494663,
        0.0
    ]
}