{
    "num_samples_full": 586,
    "num_samples_train": 439,
    "num_samples_test": 147,
    "train_shape": [
        439,
        56
    ],
    "random_split_shape": [
        219,
        219
    ],
    "num_trees_T0": 20,
    "num_trees_T": 20,
    "num_distances": 20,
    "average_auc": 0.634424666242848,
    "num_pareto_trees": 2,
    "common_feature_freq": [
        [
            [
                6,
                40.0
            ],
            [
                4,
                25.0
            ]
        ],
        [
            [
                6,
                25.0
            ],
            [
                4,
                20.0
            ]
        ],
        [
            [
                6,
                20.0
            ],
            [
                22,
                15.0
            ]
        ]
    ],
    "selected_tree_index": 2,
    "selected_tree_distance": 0.026799999999999997,
    "selected_tree_auc": 0.7109027336300063,
    "std_gini_importance": 0.06760672319696949
}