{
    "num_samples_full": 569,
    "num_samples_train": 426,
    "num_samples_test": 143,
    "train_shape": [
        426,
        30
    ],
    "random_split_shape": [
        213,
        213
    ],
    "num_trees_T0": 20,
    "num_trees_T": 20,
    "num_distances": 20,
    "average_auc": 0.9627044025157232,
    "num_pareto_trees": 5,
    "common_feature_freq": [
        [
            [
                "worst perimeter",
                35.0
            ],
            [
                "mean concave points",
                35.0
            ]
        ],
        [
            [
                "worst concave points",
                40.0
            ],
            [
                "area error",
                15.0
            ]
        ],
        [
            [
                "worst texture",
                20.0
            ],
            [
                "worst radius",
                15.0
            ]
        ]
    ],
    "selected_tree_index": 13,
    "selected_tree_distance": 0.04792,
    "selected_tree_auc": 0.9935010482180293,
    "stability_tree_depth": 4,
    "stability_tree_nodes": 11,
    "stability_accuracy_importances": [
        0.0,
        0.0003390289667970108,
        0.0,
        0.0,
        0.0,
        0.0,
        0.0,
        0.0,
        0.0,
        0.0,
        0.0,
        0.0,
        0.0,
        0.0,
        0.0,
        0.0,
        0.0,
        0.0,
        0.0,
        0.0,
        0.008492533539071395,
        0.0,
        0.0,
        0.8774864014144929,
        0.0,
        0.0,
        0.00504569946568744,
        0.10863633661395132,
        0.0,
        0.0
    ],
    "selected_auc_tree_index": 13,
    "selected_auc_tree_distance": 0.04792,
    "selected_auc_tree_auc": 0.9935010482180293,
    "auc_tree_depth": 4,
    "auc_tree_nodes": 11,
    "auc_max_importances": [
        0.0,
        0.0003390289667970108,
        0.0,
        0.0,
        0.0,
        0.0,
        0.0,
        0.0,
        0.0,
        0.0,
        0.0,
        0.0,
        0.0,
        0.0,
        0.0,
        0.0,
        0.0,
        0.0,
        0.0,
        0.0,
        0.008492533539071395,
        0.0,
        0.0,
        0.8774864014144929,
        0.0,
        0.0,
        0.00504569946568744,
        0.10863633661395132,
        0.0,
        0.0
    ],
    "selected_dist_tree_index": 1,
    "selected_dist_tree_distance": 0.014689999999999998,
    "selected_dist_tree_auc": 0.958805031446541,
    "dist_tree_depth": 6,
    "dist_tree_nodes": 21,
    "dist_min_importances": [
        0.0,
        0.0,
        0.0,
        0.0,
        0.0,
        0.0,
        0.0,
        0.0,
        0.0,
        0.0,
        0.0033234571644244165,
        0.0019363559949587827,
        0.0,
        0.0,
        0.0018331758826558586,
        0.0,
        0.0,
        0.0,
        0.0,
        0.0,
        0.8649250836333595,
        0.0008814561715019129,
        0.006777245982355731,
        0.0026624894930683263,
        0.0,
        0.0,
        0.0,
        0.11151027905421906,
        0.006150456623456361,
        0.0
    ]
}