{
    "num_samples_full": 569,
    "num_samples_train": 535,
    "num_samples_test": 179,
    "train_shape": [
        535,
        30
    ],
    "random_split_shape": [
        267,
        267
    ],
    "num_trees_T0": 20,
    "num_trees_T": 20,
    "num_distances": 20,
    "average_auc": 0.9394475655430712,
    "num_pareto_trees": 5,
    "common_feature_freq": [
        [
            [
                "worst perimeter",
                85.0
            ],
            [
                "mean concave points",
                10.0
            ]
        ],
        [
            [
                "worst concave points",
                45.0
            ],
            [
                "worst compactness",
                10.0
            ]
        ],
        [
            [
                "area error",
                25.0
            ],
            [
                "radius error",
                20.0
            ]
        ]
    ],
    "selected_tree_index": 9,
    "selected_tree_distance": 0.03023,
    "selected_tree_auc": 0.9607365792759051,
    "stability_tree_depth": 5,
    "stability_tree_nodes": 21,
    "stability_accuracy_importances": [
        0.002056055610743435,
        0.0010078703974232672,
        0.0,
        0.0,
        0.0,
        0.0,
        0.0030391888906179595,
        0.05776451232992954,
        0.0,
        0.0,
        0.0,
        0.0,
        0.0,
        0.0,
        0.0,
        0.0,
        0.0,
        0.0,
        0.0,
        0.0,
        0.0549382687928766,
        0.04684182695092203,
        0.7216527509974888,
        0.0,
        0.0,
        0.1126995260299983,
        0.0,
        0.0,
        0.0,
        0.0
    ],
    "selected_auc_tree_index": 11,
    "selected_auc_tree_distance": 0.057179999999999995,
    "selected_auc_tree_auc": 0.9626716604244695,
    "auc_tree_depth": 4,
    "auc_tree_nodes": 19,
    "auc_max_importances": [
        0.0,
        0.07942983061520971,
        0.0,
        0.0,
        0.0,
        0.0,
        0.0,
        0.0,
        0.0,
        0.0,
        0.0,
        0.0,
        0.01607171670687606,
        0.04512213435801051,
        0.0,
        0.0,
        0.0,
        0.0,
        0.0,
        0.0,
        0.0,
        0.04468948304618432,
        0.7251600687997825,
        0.0,
        0.0031194404719320622,
        0.0,
        0.015415428033480463,
        0.0709918979685243,
        0.0,
        0.0
    ],
    "selected_dist_tree_index": 1,
    "selected_dist_tree_distance": 0.017825,
    "selected_dist_tree_auc": 0.9218476903870162,
    "dist_tree_depth": 6,
    "dist_tree_nodes": 27,
    "dist_min_importances": [
        0.0,
        0.0,
        0.0,
        0.0,
        0.008269031700507091,
        0.0,
        0.0,
        0.0,
        0.010600434438019198,
        0.0,
        0.0,
        0.0,
        0.0,
        0.03616546288371597,
        0.0,
        0.0,
        0.0,
        0.0,
        0.0,
        0.0,
        0.03225412299243237,
        0.009100944907397749,
        0.6934186302690453,
        0.04644989618825778,
        0.0,
        0.0,
        0.04758391011952337,
        0.11615756650110118,
        0.0,
        0.0
    ]
}